id,日期,字號
346184,2023-01-09,112審裁89
346169,2023-01-07,112審裁84
346168,2023-01-07,112審裁91
346165,2023-01-06,112審裁87
346148,2023-01-06,112審裁70
346149,2023-01-06,112審裁69
346166,2023-01-06,112審裁88
346167,2023-01-06,112審裁86
346143,2023-01-06,112審裁2
346144,2023-01-06,112審裁67
346107,2023-01-05,112審裁10
346097,2023-01-05,112審裁42
346151,2023-01-05,112審裁71
346152,2023-01-05,112審裁72
346153,2023-01-05,112審裁73
346154,2023-01-05,112審裁74
346155,2023-01-05,112審裁75
346156,2023-01-05,112審裁76
346157,2023-01-05,112審裁77
346158,2023-01-05,112審裁78
346159,2023-01-05,112審裁79
346135,2023-01-05,112審裁36
346136,2023-01-05,112審裁41
346160,2023-01-05,112審裁80
346137,2023-01-05,112審裁43
346138,2023-01-05,112審裁24
346139,2023-01-05,112審裁29
346126,2023-01-05,112審裁30
346127,2023-01-05,112審裁31
346128,2023-01-05,112審裁32
346129,2023-01-05,112審裁33
346130,2023-01-05,112審裁39
346131,2023-01-05,112審裁35
346132,2023-01-05,112審裁34
346133,2023-01-05,112審裁40
346134,2023-01-05,112審裁38
346124,2023-01-05,112審裁27
346125,2023-01-05,112審裁28
346106,2023-01-05,112審裁3
346108,2023-01-05,112審裁11
346109,2023-01-05,112審裁12
346110,2023-01-05,112審裁4
346111,2023-01-05,112審裁5
346112,2023-01-05,112審裁17
346113,2023-01-05,112審裁18
346114,2023-01-05,112審裁19
346146,2023-01-05,112審裁68
346115,2023-01-05,112審裁20
346116,2023-01-05,112審裁22
346117,2023-01-05,112審裁23
346118,2023-01-05,112審裁21
346119,2023-01-05,112審裁25
346120,2023-01-05,112審裁26
346056,2023-01-04,111審裁1523
346121,2023-01-04,112憲裁1
346080,2023-01-04,112審裁6
346081,2023-01-04,112審裁44
346082,2023-01-04,112審裁45
346083,2023-01-04,112審裁46
346084,2023-01-04,112審裁47
346096,2023-01-04,112審裁59
346098,2023-01-04,112審裁60
346099,2023-01-04,112審裁61
346100,2023-01-04,112審裁62
346058,2023-01-04,112審裁9
346101,2023-01-04,112審裁63
346102,2023-01-04,112審裁64
346076,2023-01-03,111審裁1509
346031,2023-01-03,112審裁14
346004,2023-01-03,111審裁1505
346059,2023-01-03,111審裁1478
346060,2023-01-03,111審裁1479
346061,2023-01-03,111審裁1480
346062,2023-01-03,111審裁1481
346063,2023-01-03,111審裁1506
346064,2023-01-03,111審裁1476
346065,2023-01-03,111審裁1477
346066,2023-01-03,111審裁1507
346067,2023-01-03,111審裁1508
346069,2023-01-03,111審裁1510
346016,2022-12-30,111審裁1524
345973,2022-12-30,111審裁1475
346011,2022-12-30,111審裁1513
346012,2022-12-30,111審裁1516
346013,2022-12-30,111審裁1521
346014,2022-12-30,111審裁1514
346015,2022-12-30,111審裁1519
346010,2022-12-29,111審裁1464
345935,2022-12-29,111審裁1437
346001,2022-12-29,111審裁1465
346002,2022-12-29,111審裁1466
346003,2022-12-29,111審裁1459
346006,2022-12-29,111審裁1463
346007,2022-12-29,111審裁1460
346008,2022-12-29,111審裁1461
346009,2022-12-29,111審裁1462
345950,2022-12-29,111審裁1468
345956,2022-12-29,111審裁1474
345960,2022-12-29,111審裁1469
345964,2022-12-29,111審裁1470
345965,2022-12-29,111審裁1471
345966,2022-12-29,111審裁1472
345967,2022-12-29,111審裁1473
345921,2022-12-29,111審裁1399
345922,2022-12-29,111審裁1400
345923,2022-12-29,111審裁1401
345924,2022-12-29,111審裁1402
345925,2022-12-29,111審裁1403
345926,2022-12-29,111審裁1404
345927,2022-12-29,111審裁1405
345929,2022-12-29,111審裁1419
345930,2022-12-29,111審裁1420
345931,2022-12-29,111審裁1422
345932,2022-12-29,111審裁1423
345933,2022-12-29,111審裁1424
345934,2022-12-29,111審裁1449
345936,2022-12-29,111審裁1452
345937,2022-12-29,111審裁1451
345938,2022-12-29,111審裁1456
345939,2022-12-29,111審裁1454
344380,2022-11-04,111審裁657
344381,2022-11-04,111審裁658
344382,2022-11-04,111審裁659
344377,2022-11-04,111審裁654
344378,2022-11-04,111審裁655
344352,2022-11-03,111審裁629
344350,2022-11-03,111審裁628
344335,2022-11-03,111審裁624
344340,2022-11-03,111審裁625
344343,2022-11-03,111審裁626
344345,2022-11-03,111審裁627
344366,2022-11-02,111審裁634
344359,2022-11-02,111審裁623
344360,2022-11-02,111審裁630
344320,2022-11-02,111憲裁1693
344358,2022-11-02,111審裁622
344355,2022-11-02,111審裁620
344356,2022-11-02,111審裁621
344351,2022-11-02,111審裁617
344353,2022-11-02,111審裁618
344354,2022-11-02,111審裁619
344361,2022-11-02,111審裁631
344362,2022-11-02,111審裁632
344328,2022-11-02,111審裁588
344329,2022-11-02,111審裁599
344363,2022-11-02,111審裁633
344364,2022-11-02,111審裁600
344330,2022-11-02,111審裁601
344331,2022-11-02,111審裁602
344333,2022-11-02,111審裁605
344334,2022-11-02,111審裁606
344336,2022-11-02,111審裁608
344337,2022-11-02,111審裁609
344338,2022-11-02,111審裁610
344339,2022-11-02,111審裁611
344341,2022-11-02,111審裁612
344342,2022-11-02,111審裁613
344346,2022-11-02,111審裁614
344347,2022-11-02,111審裁615
344348,2022-11-02,111審裁616
343972,2022-10-12,111審裁348
343976,2022-10-12,111審裁347
343998,2022-10-12,111審裁343
343916,2022-10-12,111審裁353
343949,2022-10-12,111審裁351
343813,2022-10-12,111審裁342
343814,2022-10-12,111審裁341
343821,2022-10-12,111審裁249
343822,2022-10-12,111審裁262
343825,2022-10-12,111審裁339
343827,2022-10-12,111審裁340
343818,2022-10-12,111審裁247
343820,2022-10-12,111審裁250
343812,2022-10-12,111審裁244
343815,2022-10-12,111審裁245
343816,2022-10-12,111審裁246
343811,2022-10-11,111審裁334
343968,2022-10-11,111審裁338
343969,2022-10-11,111審裁337
343876,2022-10-11,111審裁331
343878,2022-10-11,111審裁330
343879,2022-10-11,111審裁322
343880,2022-10-11,111審裁320
343882,2022-10-11,111審裁321
343883,2022-10-11,111審裁332
343884,2022-10-11,111審裁317
343885,2022-10-11,111審裁325
343886,2022-10-11,111審裁327
343887,2022-10-11,111審裁329
343888,2022-10-11,111審裁333
343889,2022-10-11,111審裁328
343890,2022-10-11,111審裁326
343891,2022-10-11,111審裁319
343892,2022-10-11,111審裁318
343777,2022-10-11,111審裁302
343778,2022-10-11,111審裁305
343759,2022-10-11,111審裁255
343760,2022-10-11,111審裁257
343761,2022-10-11,111審裁258
343762,2022-10-11,111審裁259
343764,2022-10-11,111審裁289
343766,2022-10-11,111審裁290
343767,2022-10-11,111審裁291
343768,2022-10-11,111審裁292
343769,2022-10-11,111審裁293
343770,2022-10-11,111審裁294
343771,2022-10-11,111審裁295
343772,2022-10-11,111審裁296
343774,2022-10-11,111審裁298
343775,2022-10-11,111審裁300
343758,2022-10-11,111審裁254
343755,2022-10-11,111審裁256
343757,2022-10-11,111審裁253
344004,2022-10-07,111審裁283
343805,2022-10-07,111審裁191
343963,2022-10-07,111審裁260
343924,2022-10-07,111審裁222
343964,2022-10-07,111審裁264
343965,2022-10-07,111審裁252
343966,2022-10-07,111審裁266
343967,2022-10-07,111審裁265
344005,2022-10-07,111審裁281
344006,2022-10-07,111審裁280
343999,2022-10-07,111審裁267
344000,2022-10-07,111審裁282
344001,2022-10-07,111審裁261
344002,2022-10-07,111審裁263
344003,2022-10-07,111審裁279
343985,2022-10-07,111審裁248
343986,2022-10-07,111審裁251
343988,2022-10-07,111審裁272
343989,2022-10-07,111審裁276
343925,2022-10-07,111審裁224
343926,2022-10-07,111審裁226
343927,2022-10-07,111審裁229
343928,2022-10-07,111審裁232
343929,2022-10-07,111審裁234
343908,2022-10-07,111審裁201
343910,2022-10-07,111審裁202
343911,2022-10-07,111審裁203
343912,2022-10-07,111審裁205
343914,2022-10-07,111審裁206
343915,2022-10-07,111審裁208
343917,2022-10-07,111審裁215
343918,2022-10-07,111審裁219
343919,2022-10-07,111審裁220
343920,2022-10-07,111審裁221
343871,2022-10-07,111審裁196
343872,2022-10-07,111審裁197
343859,2022-10-07,111審裁173
343874,2022-10-07,111審裁198
343875,2022-10-07,111審裁199
343877,2022-10-07,111審裁200
343870,2022-10-07,111審裁195
343860,2022-10-07,111審裁158
343861,2022-10-07,111審裁160
343862,2022-10-07,111審裁162
343863,2022-10-07,111審裁165
343864,2022-10-07,111審裁170
343865,2022-10-07,111審裁174
343867,2022-10-07,111審裁177
343868,2022-10-07,111審裁178
343832,2022-10-07,111審裁149
343833,2022-10-07,111審裁150
343834,2022-10-07,111審裁151
343836,2022-10-07,111審裁152
343838,2022-10-07,111審裁154
343810,2022-10-07,111審裁207
343809,2022-10-07,111審裁209
343804,2022-10-07,111審裁176
343806,2022-10-07,111審裁192
343807,2022-10-07,111審裁193
343808,2022-10-07,111審裁194
343790,2022-10-07,111審裁175
343776,2022-10-07,111審裁163
343779,2022-10-07,111審裁164
343780,2022-10-07,111審裁166
343781,2022-10-07,111審裁167
343782,2022-10-07,111審裁168
343783,2022-10-07,111審裁171
343785,2022-10-07,111審裁172
343773,2022-10-07,111審裁161
343756,2022-10-07,111審裁156
343698,2022-10-06,111審裁237
343699,2022-10-06,111審裁217
343700,2022-10-06,111審裁218
343679,2022-10-06,111審裁211
343680,2022-10-06,111審裁212
343694,2022-10-06,111審裁213
343695,2022-10-06,111審裁214
343696,2022-10-06,111審裁238
343697,2022-10-06,111審裁216
343662,2022-10-06,111審裁85
343663,2022-10-06,111審裁54
343664,2022-10-06,111審裁56
343665,2022-10-06,111審裁44
343666,2022-10-06,111審裁45
343667,2022-10-06,111審裁55
343668,2022-10-06,111審裁57
343669,2022-10-06,111審裁58
343670,2022-10-06,111審裁60
343671,2022-10-06,111審裁61
343672,2022-10-06,111審裁62
343673,2022-10-06,111審裁63
343674,2022-10-06,111審裁64
343676,2022-10-06,111審裁65
343677,2022-10-06,111審裁66
343678,2022-10-06,111審裁67
343643,2022-10-06,111審裁243
343657,2022-10-06,111審裁241
343658,2022-10-06,111審裁240
343639,2022-10-06,111審裁242
343656,2022-10-06,111審裁231
343659,2022-10-06,111審裁239
343733,2022-10-05,111審裁204
343625,2022-10-05,111審裁94
343631,2022-10-05,111審裁113
343644,2022-10-05,111審裁83
343601,2022-10-05,111審裁128
343848,2022-10-05,111憲裁1659
343849,2022-10-05,111憲裁1660
343850,2022-10-05,111憲裁1662
343851,2022-10-05,111審裁16
343852,2022-10-05,111憲裁1663
343853,2022-10-05,111憲裁1664
343854,2022-10-05,111憲裁1665
343823,2022-10-05,111審裁140
343824,2022-10-05,111審裁141
343826,2022-10-05,111審裁143
343828,2022-10-05,111審裁145
343829,2022-10-05,111審裁146
343830,2022-10-05,111審裁147
343831,2022-10-05,111審裁148
343819,2022-10-05,111審裁138
343734,2022-10-05,111審裁180
343735,2022-10-05,111審裁181
343736,2022-10-05,111審裁182
343737,2022-10-05,111審裁186
343738,2022-10-05,111審裁187
343739,2022-10-05,111審裁185
343740,2022-10-05,111審裁183
343741,2022-10-05,111審裁188
343742,2022-10-05,111審裁189
343743,2022-10-05,111審裁190
343732,2022-10-05,111審裁210
343726,2022-10-05,111審裁68
343728,2022-10-05,111審裁69
343730,2022-10-05,111審裁70
343731,2022-10-05,111審裁71
343626,2022-10-05,111審裁114
343627,2022-10-05,111審裁109
343632,2022-10-05,111審裁119
343633,2022-10-05,111審裁107
343623,2022-10-05,111審裁117
343630,2022-10-05,111審裁111
343606,2022-10-05,111審裁123
343607,2022-10-05,111審裁122
343608,2022-10-05,111審裁120
343609,2022-10-05,111審裁116
343610,2022-10-05,111審裁112
343704,2022-10-05,111審裁131
343612,2022-10-05,111審裁104
343613,2022-10-05,111審裁76
343705,2022-10-05,111審裁133
343641,2022-10-05,111審裁80
343634,2022-10-05,111審裁98
343706,2022-10-05,111審裁132
343635,2022-10-05,111審裁100
343642,2022-10-05,111審裁81
343599,2022-10-05,111審裁130
343707,2022-10-05,111審裁134
343600,2022-10-05,111審裁129
343602,2022-10-05,111審裁127
343636,2022-10-05,111審裁101
343603,2022-10-05,111審裁126
343708,2022-10-05,111審裁136
343604,2022-10-05,111審裁125
343605,2022-10-05,111審裁124
343637,2022-10-05,111審裁102
343709,2022-10-05,111審裁137
343638,2022-10-05,111審裁103
343645,2022-10-05,111審裁96
343611,2022-10-05,111審裁110
343710,2022-10-05,111審裁135
343647,2022-10-05,111審裁99
343711,2022-10-05,111審裁139
343648,2022-10-05,111審裁86
343640,2022-10-05,111審裁77
343712,2022-10-05,111審裁144
343649,2022-10-05,111審裁87
343713,2022-10-05,111審裁142
343650,2022-10-05,111審裁88
343714,2022-10-05,111審裁153
343715,2022-10-05,111審裁157
343651,2022-10-05,111審裁90
343652,2022-10-05,111審裁91
343716,2022-10-05,111審裁159
343717,2022-10-05,111審裁155
343653,2022-10-05,111審裁92
343654,2022-10-05,111審裁84
343646,2022-10-05,111審裁79
343718,2022-10-05,111審裁169
343655,2022-10-05,111審裁93
343614,2022-10-05,111審裁223
343616,2022-10-05,111審裁225
343617,2022-10-05,111審裁227
343621,2022-10-05,111審裁235
343622,2022-10-05,111審裁236
343618,2022-10-05,111審裁228
343624,2022-10-05,111審裁82
343619,2022-10-05,111審裁230
343620,2022-10-05,111審裁233
343628,2022-10-05,111審裁95
343629,2022-10-05,111審裁97
343789,2022-10-04,111審裁47
343589,2022-10-04,111審裁5
343523,2022-10-04,111審裁6
343522,2022-10-04,111審裁4
343529,2022-10-04,111審裁8
343550,2022-10-04,111審裁35
343542,2022-10-04,111審裁31
343801,2022-10-04,111審裁48
343802,2022-10-04,111審裁53
343803,2022-10-04,111審裁59
343817,2022-10-04,111審裁42
343784,2022-10-04,111審裁43
343786,2022-10-04,111審裁46
343800,2022-10-04,111審裁52
343798,2022-10-04,111審裁51
343744,2022-10-04,111審裁1
343745,2022-10-04,111審裁21
343746,2022-10-04,111審裁25
343794,2022-10-04,111審裁50
343747,2022-10-04,111審裁27
343748,2022-10-04,111審裁28
343749,2022-10-04,111審裁29
343791,2022-10-04,111審裁49
343750,2022-10-04,111審裁39
343751,2022-10-04,111審裁40
343752,2022-10-04,111審裁41
343719,2022-10-04,111審裁89
343720,2022-10-04,111審裁78
343721,2022-10-04,111審裁118
343722,2022-10-04,111審裁106
343723,2022-10-04,111審裁75
343724,2022-10-04,111審裁115
343725,2022-10-04,111審裁105
343701,2022-10-04,111審裁72
343702,2022-10-04,111審裁108
343703,2022-10-04,111審裁121
343544,2022-10-04,111審裁73
343546,2022-10-04,111審裁34
343527,2022-10-04,111審裁9
343525,2022-10-04,111審裁7
343515,2022-10-04,111審裁37
343530,2022-10-04,111審裁10
343551,2022-10-04,111審裁36
343533,2022-10-04,111審裁11
343536,2022-10-04,111審裁12
343537,2022-10-04,111審裁13
343539,2022-10-04,111審裁14
343540,2022-10-04,111審裁15
343598,2022-10-04,111審裁184
343519,2022-10-04,111審裁38
343528,2022-10-04,111審裁32
343520,2022-10-04,111審裁2
343521,2022-10-04,111審裁3
343504,2022-10-04,111審裁26
343489,2022-10-04,111審裁17
343491,2022-10-04,111審裁30
343532,2022-10-04,111憲裁1656
343498,2022-10-04,111審裁33
343486,2022-10-04,111審裁23
343487,2022-10-04,111審裁24
343526,2022-10-03,111審裁18
343554,2022-10-03,111憲裁1615
343563,2022-10-03,111憲裁1661
343499,2022-10-03,111憲裁1651
343462,2022-10-03,111憲裁1630
343524,2022-10-03,111審裁19
343587,2022-10-03,111憲裁1666
343577,2022-10-03,111憲裁1683
343557,2022-10-03,111憲裁1616
343565,2022-10-03,111憲裁1682
343559,2022-10-03,111憲裁1618
343571,2022-10-03,111憲裁1677
343570,2022-10-03,111憲裁1672
343569,2022-10-03,111憲裁1671
343568,2022-10-03,111憲裁1668
343566,2022-10-03,111憲裁1669
343567,2022-10-03,111憲裁1670
343564,2022-10-03,111憲裁1667
343548,2022-10-03,111憲裁1617
343562,2022-10-03,111憲裁1658
343561,2022-10-03,111憲裁1657
343560,2022-10-03,111憲裁1655
343555,2022-10-03,111審裁22
343500,2022-10-03,111憲裁1652
343501,2022-10-03,111憲裁1650
343502,2022-10-03,111憲裁1653
343503,2022-10-03,111憲裁1654
343490,2022-10-03,111憲裁1643
343492,2022-10-03,111憲裁1644
343493,2022-10-03,111憲裁1645
343494,2022-10-03,111憲裁1646
343495,2022-10-03,111憲裁1649
343496,2022-10-03,111憲裁1647
343497,2022-10-03,111憲裁1648
343473,2022-10-03,111憲裁1642
343472,2022-10-03,111憲裁1641
343471,2022-10-03,111憲裁1640
343470,2022-10-03,111憲裁1639
343469,2022-10-03,111憲裁1638
343468,2022-10-03,111憲裁1636
343467,2022-10-03,111憲裁1635
343466,2022-10-03,111憲裁1634
343465,2022-10-03,111憲裁1633
343464,2022-10-03,111憲裁1632
343463,2022-10-03,111憲裁1631
343457,2022-10-03,111憲裁1637
343456,2022-10-03,111憲裁1610
343455,2022-10-03,111憲裁1629
343454,2022-10-03,111憲裁1621
343446,2022-10-03,111憲裁1622
343445,2022-10-03,111憲裁1620
343444,2022-10-03,111憲裁1609
343443,2022-10-03,111憲裁1625
343442,2022-10-03,111憲裁1611
343441,2022-10-03,111憲裁1623
343440,2022-10-03,111憲裁1624
343591,2022-09-30,111憲裁1673
343592,2022-09-30,111憲裁1674
343593,2022-09-30,111憲裁1675
343594,2022-09-30,111憲裁1684
343595,2022-09-30,111憲裁1685
343558,2022-09-30,111憲裁1628
343556,2022-09-30,111憲裁1627
343543,2022-09-30,111憲裁1681
343545,2022-09-30,111憲裁1612
343547,2022-09-30,111憲裁1613
343549,2022-09-30,111憲裁1614
343552,2022-09-30,111憲裁1619
343553,2022-09-30,111憲裁1626
343534,2022-09-30,111憲裁1676
343535,2022-09-30,111憲裁1678
343538,2022-09-30,111憲裁1679
343541,2022-09-30,111憲裁1680
343438,2022-09-30,111憲裁1601
343376,2022-09-29,111憲裁1569
343374,2022-09-29,111憲裁1592
343375,2022-09-29,111憲裁1593
343368,2022-09-29,111憲裁1565
343389,2022-09-29,111憲裁1595
343400,2022-09-29,111憲裁1598
343422,2022-09-29,111憲裁1606
343423,2022-09-29,111憲裁1608
343424,2022-09-29,111憲裁1605
343425,2022-09-29,111憲裁1604
343426,2022-09-29,111憲裁1602
343427,2022-09-29,111憲裁1607
343428,2022-09-29,111憲裁1603
343366,2022-09-29,111憲裁1568
343367,2022-09-29,111憲裁1567
343369,2022-09-29,111憲裁1566
343394,2022-09-29,111憲裁1597
343378,2022-09-29,111憲裁1594
343399,2022-09-29,111憲裁1596
343377,2022-09-29,111憲裁1599
343412,2022-09-28,111憲裁1575
343413,2022-09-28,111憲裁1577
343395,2022-09-28,111憲裁1581
343388,2022-09-28,111憲裁1584
343371,2022-09-28,111憲裁1589
343372,2022-09-28,111憲裁1590
343418,2022-09-28,111憲裁1591
343414,2022-09-28,111憲裁1578
343415,2022-09-28,111憲裁1579
343416,2022-09-28,111憲裁1580
343417,2022-09-28,111憲裁1582
343401,2022-09-28,111憲裁1587
343385,2022-09-28,111憲裁1560
343391,2022-09-28,111憲裁1583
343392,2022-09-28,111憲裁1573
343393,2022-09-28,111憲裁1576
343396,2022-09-28,111憲裁1571
343397,2022-09-28,111憲裁1586
343384,2022-09-28,111憲裁1561
343409,2022-09-28,111憲裁1570
343410,2022-09-28,111憲裁1572
343411,2022-09-28,111憲裁1574
343390,2022-09-28,111憲裁1557
343403,2022-09-28,111憲裁1558
343382,2022-09-28,111憲裁1556
343387,2022-09-28,111憲裁1585
343386,2022-09-28,111憲裁1588
343379,2022-09-28,111憲裁1562
343380,2022-09-28,111憲裁1564
343381,2022-09-28,111憲裁1563
343383,2022-09-28,111憲裁1559
343347,2022-09-27,111憲裁1542
343348,2022-09-27,111憲裁1543
343349,2022-09-27,111憲裁1544
343350,2022-09-27,111憲裁1545
343351,2022-09-27,111憲裁1546
343352,2022-09-27,111憲裁1547
343353,2022-09-27,111憲裁1548
343354,2022-09-27,111憲裁1549
343355,2022-09-27,111憲裁1550
343342,2022-09-27,111憲裁1537
343343,2022-09-27,111憲裁1538
343344,2022-09-27,111憲裁1539
343345,2022-09-27,111憲裁1540
343358,2022-09-27,111憲裁1536
343360,2022-09-27,111憲裁1533
343346,2022-09-27,111憲裁1541
343356,2022-09-27,111憲裁1551
343357,2022-09-27,111憲裁1535
343359,2022-09-27,111憲裁1534
343340,2022-09-26,111憲裁1554
343338,2022-09-26,111憲裁1552
343339,2022-09-26,111憲裁1555
343341,2022-09-26,111憲裁1553
343421,2022-09-23,111憲裁1524
343331,2022-09-23,111憲裁1527
343332,2022-09-23,111憲裁1528
343333,2022-09-23,111憲裁1529
343334,2022-09-23,111憲裁1530
343322,2022-09-23,111憲裁1532
343305,2022-09-22,111憲裁1142
343304,2022-09-22,111憲裁1149
343299,2022-09-22,111憲裁1505
343300,2022-09-22,111憲裁1506
343291,2022-09-22,111憲裁1500
343293,2022-09-22,111憲裁1507
343295,2022-09-22,111憲裁1501
343289,2022-09-22,111憲裁1498
343296,2022-09-22,111憲裁1502
343297,2022-09-22,111憲裁1504
343298,2022-09-22,111憲裁1503
343290,2022-09-22,111憲裁1497
343292,2022-09-22,111憲裁1499
343336,2022-09-22,111憲裁1531
343315,2022-09-22,111憲裁1486
343316,2022-09-22,111憲裁1488
343317,2022-09-22,111憲裁1487
343318,2022-09-22,111憲裁1489
343319,2022-09-22,111憲裁1490
343320,2022-09-22,111憲裁1491
343310,2022-09-22,111憲裁1508
343303,2022-09-21,111憲裁1526
343312,2022-09-21,111憲裁1522
343313,2022-09-21,111憲裁1523
343314,2022-09-21,111憲裁1517
343311,2022-09-21,111憲裁1521
343309,2022-09-21,111憲裁1520
343307,2022-09-21,111憲裁1518
343308,2022-09-21,111憲裁1519
343278,2022-09-21,111憲裁1509
343279,2022-09-21,111憲裁1510
343281,2022-09-21,111憲裁1512
343282,2022-09-21,111憲裁1513
343283,2022-09-21,111憲裁1514
343284,2022-09-21,111憲裁1515
343276,2022-09-21,111憲裁1493
343277,2022-09-21,111憲裁1516
343306,2022-09-21,111憲裁1525
343273,2022-09-20,111憲裁1492
343274,2022-09-20,111憲裁1494
343280,2022-09-20,111憲裁1511
343285,2022-09-20,111憲裁1496
343288,2022-09-20,111憲裁1495
343261,2022-09-19,111憲裁1482
343262,2022-09-19,111憲裁1481
343263,2022-09-19,111憲裁1480
343258,2022-09-19,111憲裁1485
343260,2022-09-19,111憲裁1484
343256,2022-09-19,111憲裁1483
343225,2022-09-16,111憲裁1478
343226,2022-09-16,111憲裁1479
343240,2022-09-15,111憲裁1426
343233,2022-09-15,111憲裁1445
343419,2022-09-15,111憲裁1452
343420,2022-09-15,111憲裁1453
343212,2022-09-15,111憲裁1463
343231,2022-09-15,111憲裁1443
343232,2022-09-15,111憲裁1444
343242,2022-09-15,111憲裁1427
343234,2022-09-15,111憲裁1446
343211,2022-09-15,111憲裁1462
343206,2022-09-15,111憲裁1451
343235,2022-09-15,111憲裁1447
343236,2022-09-15,111憲裁1448
343253,2022-09-15,111憲裁1416
343224,2022-09-15,111憲裁1464
343210,2022-09-15,111憲裁1461
343254,2022-09-15,111憲裁1450
343237,2022-09-15,111憲裁1449
343227,2022-09-15,111憲裁1454
343228,2022-09-15,111憲裁1455
343255,2022-09-15,111憲裁1415
343209,2022-09-15,111憲裁1460
343230,2022-09-15,111憲裁1456
343208,2022-09-15,111憲裁1459
343189,2022-09-15,111憲裁1439
343190,2022-09-15,111憲裁1440
343207,2022-09-15,111憲裁1458
343205,2022-09-15,111憲裁1457
343192,2022-09-15,111憲裁1466
343193,2022-09-15,111憲裁1467
343194,2022-09-15,111憲裁1468
343195,2022-09-15,111憲裁1469
343196,2022-09-15,111憲裁1470
343198,2022-09-15,111憲裁1471
343199,2022-09-15,111憲裁1472
343200,2022-09-15,111憲裁1473
343201,2022-09-15,111憲裁1474
343202,2022-09-15,111憲裁1475
343203,2022-09-15,111憲裁1476
343204,2022-09-15,111憲裁1477
343191,2022-09-15,111憲裁1465
343119,2022-09-14,111憲裁1209
343179,2022-09-14,111憲裁1442
343166,2022-09-14,111憲裁1437
343167,2022-09-14,111憲裁1438
343168,2022-09-14,111憲裁1441
343156,2022-09-14,111憲裁1436
343155,2022-09-14,111憲裁1435
343157,2022-09-14,111憲裁1433
343154,2022-09-14,111憲裁1434
343124,2022-09-13,111憲裁1432
343151,2022-09-13,111憲裁1424
343152,2022-09-13,111憲裁1425
343123,2022-09-13,111憲裁1431
343130,2022-09-12,111憲裁1422
343153,2022-09-12,111憲裁1429
343132,2022-09-12,111憲裁1421
343137,2022-09-12,111憲裁1420
343138,2022-09-12,111憲裁1419
343139,2022-09-12,111憲裁1423
343140,2022-09-12,111憲裁1418
343108,2022-09-12,111憲裁1417
343117,2022-09-12,111憲裁1428
343120,2022-09-12,111憲裁1430
343106,2022-09-08,111憲裁1409
343115,2022-09-08,111憲裁1403
343112,2022-09-08,111憲裁1405
343093,2022-09-08,111憲裁1407
343101,2022-09-08,111憲裁1347
343102,2022-09-08,111憲裁1348
343103,2022-09-08,111憲裁1358
343104,2022-09-08,111憲裁1359
343105,2022-09-08,111憲裁1349
343094,2022-09-08,111憲裁1355
343095,2022-09-08,111憲裁1354
343096,2022-09-08,111憲裁1371
343097,2022-09-08,111憲裁1370
343098,2022-09-08,111憲裁1356
343099,2022-09-08,111憲裁1346
343100,2022-09-08,111憲裁1357
343110,2022-09-08,111憲裁1412
343107,2022-09-08,111憲裁1411
343239,2022-09-08,111憲裁1402
343163,2022-09-08,111憲裁1408
343116,2022-09-08,111憲裁1410
343109,2022-09-08,111憲裁1413
343113,2022-09-08,111憲裁1401
343114,2022-09-08,111憲裁1406
343111,2022-09-08,111憲裁1404
343092,2022-09-08,111憲裁1414
343246,2022-09-07,111憲裁1369
343090,2022-09-07,111憲裁1394
343070,2022-09-07,111憲裁1395
343074,2022-09-07,111憲裁1396
343075,2022-09-07,111憲裁1397
343076,2022-09-07,111憲裁1398
343077,2022-09-07,111憲裁1399
343078,2022-09-07,111憲裁1400
343052,2022-09-07,111憲裁1364
343053,2022-09-07,111憲裁1392
343054,2022-09-07,111憲裁1365
343055,2022-09-07,111憲裁1391
343056,2022-09-07,111憲裁1366
343057,2022-09-07,111憲裁1393
343058,2022-09-07,111憲裁1389
343059,2022-09-07,111憲裁1367
343060,2022-09-07,111憲裁1368
343061,2022-09-07,111憲裁1390
343035,2022-09-05,111憲裁1385
343036,2022-09-05,111憲裁1386
343044,2022-09-05,111憲裁1323
343034,2022-09-05,111憲裁1384
343247,2022-09-05,111憲裁1326
343248,2022-09-05,111憲裁1322
343249,2022-09-05,111憲裁1324
343250,2022-09-05,111憲裁1325
343033,2022-09-05,111憲裁1383
343045,2022-09-05,111憲裁1330
343046,2022-09-05,111憲裁1331
343047,2022-09-05,111憲裁1363
343048,2022-09-05,111憲裁1362
343049,2022-09-05,111憲裁1360
343037,2022-09-05,111憲裁1387
343038,2022-09-05,111憲裁1388
343039,2022-09-05,111憲裁1381
343040,2022-09-05,111憲裁1382
343041,2022-09-05,111憲裁1327
343042,2022-09-05,111憲裁1328
343043,2022-09-05,111憲裁1329
343024,2022-09-05,111憲裁1374
343010,2022-09-05,111憲裁1350
343025,2022-09-05,111憲裁1375
343021,2022-09-05,111憲裁1361
343026,2022-09-05,111憲裁1376
343011,2022-09-05,111憲裁1352
343012,2022-09-05,111憲裁1353
343027,2022-09-05,111憲裁1377
343028,2022-09-05,111憲裁1378
343029,2022-09-05,111憲裁1379
343014,2022-09-05,111憲裁1345
343030,2022-09-05,111憲裁1380
343023,2022-09-05,111憲裁1373
343022,2022-09-05,111憲裁1372
342989,2022-09-02,111憲裁1344
343002,2022-09-02,111憲裁1314
343003,2022-09-02,111憲裁1315
342962,2022-09-02,111憲裁1321
343009,2022-09-02,111憲裁1351
343067,2022-09-02,111憲裁1277
343068,2022-09-02,111憲裁1301
342997,2022-09-02,111憲裁1309
342998,2022-09-02,111憲裁1310
343069,2022-09-02,111憲裁1269
343071,2022-09-02,111憲裁1273
342999,2022-09-02,111憲裁1311
343000,2022-09-02,111憲裁1312
343072,2022-09-02,111憲裁1270
343073,2022-09-02,111憲裁1271
343079,2022-09-02,111憲裁1264
343001,2022-09-02,111憲裁1313
343080,2022-09-02,111憲裁1278
343004,2022-09-02,111憲裁1316
343081,2022-09-02,111憲裁1272
343082,2022-09-02,111憲裁1263
343005,2022-09-02,111憲裁1317
343006,2022-09-02,111憲裁1318
343083,2022-09-02,111憲裁1266
343007,2022-09-02,111憲裁1319
343084,2022-09-02,111憲裁1265
343085,2022-09-02,111憲裁1274
343086,2022-09-02,111憲裁1267
342973,2022-09-02,111憲裁1336
343063,2022-09-02,111憲裁1268
343064,2022-09-02,111憲裁1300
343065,2022-09-02,111憲裁1275
343066,2022-09-02,111憲裁1276
342981,2022-09-02,111憲裁1337
342982,2022-09-02,111憲裁1338
342983,2022-09-02,111憲裁1339
342984,2022-09-02,111憲裁1340
342985,2022-09-02,111憲裁1341
342986,2022-09-02,111憲裁1342
342987,2022-09-02,111憲裁1343
342965,2022-09-02,111憲裁1335
342963,2022-09-02,111憲裁1333
342964,2022-09-02,111憲裁1334
342960,2022-09-02,111憲裁1332
342961,2022-09-02,111憲裁1320
342945,2022-08-31,111憲裁1145
342923,2022-08-31,111憲裁1133
342924,2022-08-31,111憲裁1165
342925,2022-08-31,111憲裁1140
342926,2022-08-31,111憲裁1141
342927,2022-08-31,111憲裁1294
342928,2022-08-31,111憲裁723
342929,2022-08-31,111憲裁1286
342930,2022-08-31,111憲裁1287
342931,2022-08-31,111憲裁1288
342932,2022-08-31,111憲裁1289
342917,2022-08-31,111憲裁1110
342933,2022-08-31,111憲裁1290
342934,2022-08-31,111憲裁1303
342935,2022-08-31,111憲裁1229
342936,2022-08-31,111憲裁1304
342937,2022-08-31,111憲裁1291
342938,2022-08-31,111憲裁1292
342939,2022-08-31,111憲裁1143
342940,2022-08-31,111憲裁1305
342941,2022-08-31,111憲裁1293
342942,2022-08-31,111憲裁1295
342943,2022-08-31,111憲裁1296
342944,2022-08-31,111憲裁1306
342946,2022-08-31,111憲裁1235
342947,2022-08-31,111憲裁1238
342948,2022-08-31,111憲裁1307
342949,2022-08-31,111憲裁1308
342950,2022-08-31,111憲裁1147
342951,2022-08-31,111憲裁1297
342952,2022-08-31,111憲裁1298
342953,2022-08-31,111憲裁1299
342954,2022-08-31,111憲裁1302
342955,2022-08-31,111憲裁1240
342902,2022-08-31,111憲裁1285
342919,2022-08-31,111憲裁1111
342901,2022-08-31,111憲裁1284
342900,2022-08-31,111憲裁1283
342899,2022-08-31,111憲裁1282
342898,2022-08-31,111憲裁1281
342895,2022-08-31,111憲裁1279
342897,2022-08-31,111憲裁1280
342892,2022-08-30,111憲裁1196
342966,2022-08-30,111憲裁1212
342967,2022-08-30,111憲裁1251
342968,2022-08-30,111憲裁1252
342969,2022-08-30,111憲裁1253
342970,2022-08-30,111憲裁1254
342971,2022-08-30,111憲裁1208
342972,2022-08-30,111憲裁1210
342974,2022-08-30,111憲裁1213
342975,2022-08-30,111憲裁1214
342976,2022-08-30,111憲裁1216
342977,2022-08-30,111憲裁1217
342978,2022-08-30,111憲裁1218
342979,2022-08-30,111憲裁1219
342980,2022-08-30,111憲裁1220
342871,2022-08-30,111憲裁1193
342872,2022-08-30,111憲裁1194
342876,2022-08-30,111憲裁1195
342865,2022-08-30,111憲裁1148
342866,2022-08-30,111憲裁1150
342869,2022-08-30,111憲裁1192
342817,2022-08-30,111憲裁1244
342819,2022-08-30,111憲裁1144
342825,2022-08-30,111憲裁1152
342836,2022-08-30,111憲裁1156
342846,2022-08-30,111憲裁1158
342848,2022-08-30,111憲裁1177
342849,2022-08-30,111憲裁1146
342851,2022-08-30,111憲裁1154
342853,2022-08-30,111憲裁1157
342858,2022-08-30,111憲裁1155
342862,2022-08-30,111憲裁1245
342863,2022-08-30,111憲裁1153
342864,2022-08-30,111憲裁1151
342852,2022-08-30,111憲裁1261
342889,2022-08-30,111憲裁1247
342890,2022-08-30,111憲裁1246
342894,2022-08-30,111憲裁1197
342808,2022-08-30,111憲裁1243
342809,2022-08-30,111憲裁1228
342847,2022-08-30,111憲裁1260
342840,2022-08-30,111憲裁1259
342835,2022-08-30,111憲裁1258
342831,2022-08-30,111憲裁1257
342826,2022-08-30,111憲裁1256
342822,2022-08-30,111憲裁1255
342896,2022-08-30,111憲裁1262
342842,2022-08-30,111憲裁1248
342844,2022-08-30,111憲裁1249
342845,2022-08-30,111憲裁1250
342850,2022-08-30,111憲裁1204
342780,2022-08-29,111憲裁1107
342910,2022-08-29,111憲裁1190
342911,2022-08-29,111憲裁1181
342912,2022-08-29,111憲裁1182
342913,2022-08-29,111憲裁1183
342914,2022-08-29,111憲裁1184
342915,2022-08-29,111憲裁1185
342916,2022-08-29,111憲裁1186
342918,2022-08-29,111憲裁1188
342921,2022-08-29,111憲裁1191
342922,2022-08-29,111憲裁1187
342893,2022-08-29,111憲裁1224
342800,2022-08-29,111憲裁1215
342801,2022-08-29,111憲裁1221
342802,2022-08-29,111憲裁1222
342803,2022-08-29,111憲裁1223
342804,2022-08-29,111憲裁1239
342805,2022-08-29,111憲裁1225
342806,2022-08-29,111憲裁1226
342841,2022-08-29,111憲裁1163
342839,2022-08-29,111憲裁1162
342807,2022-08-29,111憲裁1227
342843,2022-08-29,111憲裁1164
342810,2022-08-29,111憲裁1230
342811,2022-08-29,111憲裁1231
342772,2022-08-29,111憲裁1242
342773,2022-08-29,111憲裁1123
342812,2022-08-29,111憲裁1232
342813,2022-08-29,111憲裁1233
342774,2022-08-29,111憲裁1122
342775,2022-08-29,111憲裁1121
342814,2022-08-29,111憲裁1234
342815,2022-08-29,111憲裁1236
342776,2022-08-29,111憲裁1119
342777,2022-08-29,111憲裁1117
342816,2022-08-29,111憲裁1237
342778,2022-08-29,111憲裁1114
342779,2022-08-29,111憲裁1112
342781,2022-08-29,111憲裁1173
342782,2022-08-29,111憲裁1172
342783,2022-08-29,111憲裁1171
342789,2022-08-29,111憲裁1241
342790,2022-08-29,111憲裁1207
342784,2022-08-29,111憲裁1170
342785,2022-08-29,111憲裁1169
342791,2022-08-29,111憲裁1198
342792,2022-08-29,111憲裁1199
342786,2022-08-29,111憲裁1168
342787,2022-08-29,111憲裁1167
342793,2022-08-29,111憲裁1200
342794,2022-08-29,111憲裁1201
342788,2022-08-29,111憲裁1166
342795,2022-08-29,111憲裁1202
342796,2022-08-29,111憲裁1203
342797,2022-08-29,111憲裁1205
342798,2022-08-29,111憲裁1206
342799,2022-08-29,111憲裁1211
342818,2022-08-29,111憲裁1097
342820,2022-08-29,111憲裁1109
342821,2022-08-29,111憲裁1115
342823,2022-08-29,111憲裁1124
342824,2022-08-29,111憲裁1125
342827,2022-08-29,111憲裁1127
342828,2022-08-29,111憲裁1131
342829,2022-08-29,111憲裁1132
342830,2022-08-29,111憲裁1134
342832,2022-08-29,111憲裁1136
342833,2022-08-29,111憲裁1159
342837,2022-08-29,111憲裁1160
342838,2022-08-29,111憲裁1161
342920,2022-08-28,111憲裁1189
343032,2022-08-26,111憲裁1179
342868,2022-08-26,111憲裁1138
342885,2022-08-26,111憲裁1089
342870,2022-08-26,111憲裁1081
342873,2022-08-26,111憲裁1135
342874,2022-08-26,111憲裁1082
342875,2022-08-26,111憲裁1086
342878,2022-08-26,111憲裁1084
342877,2022-08-26,111憲裁1083
342879,2022-08-26,111憲裁1137
342880,2022-08-26,111憲裁1090
342881,2022-08-26,111憲裁1085
342882,2022-08-26,111憲裁1087
342883,2022-08-26,111憲裁1091
342884,2022-08-26,111憲裁1088
342867,2022-08-26,111憲裁1139
342756,2022-08-26,111憲裁1180
342760,2022-08-26,111憲裁1178
342761,2022-08-26,111憲裁1174
342762,2022-08-26,111憲裁1175
342763,2022-08-26,111憲裁1176
342750,2022-08-25,111憲裁1092
342731,2022-08-25,111憲裁1093
342695,2022-08-25,111憲裁1120
342684,2022-08-25,111憲裁1116
342683,2022-08-25,111憲裁1118
342749,2022-08-25,111憲裁1108
342733,2022-08-25,111憲裁1099
342734,2022-08-25,111憲裁1094
342738,2022-08-25,111憲裁1095
342743,2022-08-25,111憲裁1096
342745,2022-08-25,111憲裁1104
342748,2022-08-25,111憲裁1101
342688,2022-08-25,111憲裁1113
342703,2022-08-25,111憲裁1105
342691,2022-08-25,111憲裁1106
342714,2022-08-25,111憲裁1126
342705,2022-08-25,111憲裁1098
342706,2022-08-25,111憲裁1128
342707,2022-08-25,111憲裁1100
342708,2022-08-25,111憲裁1129
342709,2022-08-25,111憲裁1130
342710,2022-08-25,111憲裁1102
342711,2022-08-25,111憲裁1103
342723,2022-08-22,111憲裁1075
342726,2022-08-22,111憲裁1076
342727,2022-08-22,111憲裁1077
342730,2022-08-22,111憲裁1078
342736,2022-08-22,111憲裁1079
342737,2022-08-22,111憲裁1080
342681,2022-08-22,111憲裁1074
342682,2022-08-22,111憲裁1073
342675,2022-08-19,111憲裁990
342676,2022-08-19,111憲裁989
342677,2022-08-19,111憲裁988
342678,2022-08-19,111憲裁1046
342679,2022-08-19,111憲裁1045
342665,2022-08-19,111憲裁1072
342888,2022-08-19,111憲裁1030
342764,2022-08-19,111憲裁1062
342765,2022-08-19,111憲裁1028
342744,2022-08-19,111憲裁994
342766,2022-08-19,111憲裁1029
342767,2022-08-19,111憲裁1063
342768,2022-08-19,111憲裁1064
342770,2022-08-19,111憲裁1031
342771,2022-08-19,111憲裁1032
342729,2022-08-19,111憲裁1002
342732,2022-08-19,111憲裁991
342740,2022-08-19,111憲裁992
342742,2022-08-19,111憲裁993
342721,2022-08-19,111憲裁963
342722,2022-08-19,111憲裁768
342724,2022-08-19,111憲裁1001
342725,2022-08-19,111憲裁861
342717,2022-08-19,111憲裁962
342713,2022-08-19,111憲裁961
342659,2022-08-19,111憲裁1070
342660,2022-08-19,111憲裁1071
342685,2022-08-19,111憲裁995
342686,2022-08-19,111憲裁996
342687,2022-08-19,111憲裁998
342689,2022-08-19,111憲裁999
342690,2022-08-19,111憲裁1000
342692,2022-08-19,111憲裁1003
342693,2022-08-19,111憲裁1004
342694,2022-08-19,111憲裁1026
342696,2022-08-19,111憲裁997
342697,2022-08-19,111憲裁1027
342698,2022-08-19,111憲裁1069
342699,2022-08-19,111憲裁1068
342700,2022-08-19,111憲裁1067
342701,2022-08-19,111憲裁1066
342702,2022-08-19,111憲裁1065
342644,2022-08-18,111憲裁1047
342752,2022-08-18,111憲裁1017
342753,2022-08-18,111憲裁1016
342754,2022-08-18,111憲裁1018
342755,2022-08-18,111憲裁1019
342751,2022-08-18,111憲裁1015
342647,2022-08-18,111憲裁1060
342649,2022-08-18,111憲裁1061
342590,2022-08-18,111憲裁983
342591,2022-08-18,111憲裁981
342592,2022-08-18,111憲裁980
342593,2022-08-18,111憲裁977
342595,2022-08-18,111憲裁1022
342596,2022-08-18,111憲裁1023
342594,2022-08-18,111憲裁978
342599,2022-08-18,111憲裁1020
342600,2022-08-18,111憲裁1021
342597,2022-08-18,111憲裁976
342598,2022-08-18,111憲裁982
342607,2022-08-18,111憲裁1011
342608,2022-08-18,111憲裁1010
342610,2022-08-18,111憲裁1006
342611,2022-08-18,111憲裁1007
342606,2022-08-18,111憲裁1054
342612,2022-08-18,111憲裁1008
342613,2022-08-18,111憲裁1009
342634,2022-08-18,111憲裁1044
342635,2022-08-18,111憲裁1012
342614,2022-08-18,111憲裁1005
342636,2022-08-18,111憲裁1013
342637,2022-08-18,111憲裁1014
342638,2022-08-18,111憲裁1057
342641,2022-08-18,111憲裁1058
342642,2022-08-18,111憲裁1059
342615,2022-08-18,111憲裁1053
342616,2022-08-18,111憲裁1052
342617,2022-08-18,111憲裁1051
342618,2022-08-18,111憲裁1050
342619,2022-08-18,111憲裁1033
342620,2022-08-18,111憲裁1034
342621,2022-08-18,111憲裁1035
342622,2022-08-18,111憲裁1055
342623,2022-08-18,111憲裁1036
342624,2022-08-18,111憲裁1037
342625,2022-08-18,111憲裁1049
342626,2022-08-18,111憲裁1038
342627,2022-08-18,111憲裁1039
342628,2022-08-18,111憲裁1056
342629,2022-08-18,111憲裁1041
342630,2022-08-18,111憲裁1042
342631,2022-08-18,111憲裁1048
342632,2022-08-18,111憲裁1043
342633,2022-08-18,111憲裁1040
342563,2022-08-17,111憲裁1024
342568,2022-08-17,111憲裁1025
342564,2022-08-16,111憲裁975
342566,2022-08-16,111憲裁973
342567,2022-08-16,111憲裁974
342523,2022-08-16,111憲裁985
342524,2022-08-16,111憲裁984
342503,2022-08-15,111憲裁986
342502,2022-08-15,111憲裁987
342499,2022-08-15,111憲裁979
342525,2022-08-15,111憲裁966
342526,2022-08-15,111憲裁967
342527,2022-08-15,111憲裁968
342528,2022-08-15,111憲裁969
342529,2022-08-15,111憲裁970
342530,2022-08-15,111憲裁971
342531,2022-08-15,111憲裁972
342532,2022-08-15,111憲裁957
342533,2022-08-15,111憲裁959
342534,2022-08-15,111憲裁958
342537,2022-08-15,111憲裁960
342540,2022-08-15,111憲裁964
342542,2022-08-15,111憲裁965
342587,2022-08-12,111憲裁927
342586,2022-08-12,111憲裁926
342497,2022-08-12,111憲裁945
342407,2022-08-12,111憲裁954
342588,2022-08-12,111憲裁928
342581,2022-08-12,111憲裁922
342582,2022-08-12,111憲裁921
342583,2022-08-12,111憲裁923
342584,2022-08-12,111憲裁924
342585,2022-08-12,111憲裁925
342536,2022-08-12,111憲裁930
342538,2022-08-12,111憲裁933
342539,2022-08-12,111憲裁931
342541,2022-08-12,111憲裁932
342543,2022-08-12,111憲裁929
342544,2022-08-12,111憲裁956
342546,2022-08-12,111憲裁955
342551,2022-08-12,111憲裁953
342552,2022-08-12,111憲裁951
342554,2022-08-12,111憲裁950
342555,2022-08-12,111憲裁949
342557,2022-08-12,111憲裁948
342558,2022-08-12,111憲裁947
342559,2022-08-12,111憲裁946
342498,2022-08-12,111憲裁944
342477,2022-08-12,111憲裁903
342478,2022-08-12,111憲裁904
342471,2022-08-12,111憲裁934
342473,2022-08-12,111憲裁937
342482,2022-08-12,111憲裁909
342483,2022-08-12,111憲裁916
342474,2022-08-12,111憲裁919
342481,2022-08-12,111憲裁920
342484,2022-08-12,111憲裁917
342485,2022-08-12,111憲裁918
342486,2022-08-12,111憲裁935
342490,2022-08-12,111憲裁936
342491,2022-08-12,111憲裁938
342492,2022-08-12,111憲裁939
342493,2022-08-12,111憲裁940
342494,2022-08-12,111憲裁941
342495,2022-08-12,111憲裁942
342496,2022-08-12,111憲裁943
342459,2022-08-12,111憲裁952
342437,2022-08-11,111憲裁894
342377,2022-08-11,111憲裁913
342383,2022-08-11,111憲裁906
342386,2022-08-11,111憲裁907
342387,2022-08-11,111憲裁908
342312,2022-08-11,111憲裁900
342435,2022-08-11,111憲裁851
342434,2022-08-11,111憲裁850
342381,2022-08-11,111憲裁881
342350,2022-08-11,111憲裁883
342345,2022-08-11,111憲裁911
342314,2022-08-11,111憲裁901
342309,2022-08-11,111憲裁863
342304,2022-08-11,111憲裁844
342565,2022-08-11,111憲裁856
342572,2022-08-11,111憲裁858
342570,2022-08-11,111憲裁857
342560,2022-08-11,111憲裁853
342561,2022-08-11,111憲裁854
342562,2022-08-11,111憲裁855
342515,2022-08-11,111憲裁884
342516,2022-08-11,111憲裁887
342517,2022-08-11,111憲裁886
342518,2022-08-11,111憲裁885
342438,2022-08-11,111憲裁895
342439,2022-08-11,111憲裁896
342440,2022-08-11,111憲裁897
342436,2022-08-11,111憲裁852
342405,2022-08-11,111憲裁889
342406,2022-08-11,111憲裁890
342384,2022-08-11,111憲裁915
342373,2022-08-11,111憲裁888
342376,2022-08-11,111憲裁912
342378,2022-08-11,111憲裁914
342352,2022-08-11,111憲裁877
342353,2022-08-11,111憲裁902
342348,2022-08-11,111憲裁882
342340,2022-08-11,111憲裁910
342310,2022-08-11,111憲裁898
342311,2022-08-11,111憲裁899
342346,2022-08-11,111憲裁870
342347,2022-08-11,111憲裁869
342339,2022-08-11,111憲裁892
342343,2022-08-11,111憲裁893
342344,2022-08-11,111憲裁871
342341,2022-08-11,111憲裁872
342342,2022-08-11,111憲裁823
342317,2022-08-11,111憲裁874
342318,2022-08-11,111憲裁865
342319,2022-08-11,111憲裁866
342321,2022-08-11,111憲裁867
342329,2022-08-11,111憲裁891
342313,2022-08-11,111憲裁864
342306,2022-08-11,111憲裁860
342307,2022-08-11,111憲裁859
342308,2022-08-11,111憲裁862
342305,2022-08-11,111憲裁822
342297,2022-08-10,111憲裁868
342296,2022-08-10,111憲裁873
342272,2022-08-10,111憲裁876
342266,2022-08-10,111憲裁875
342403,2022-08-10,111憲裁879
342404,2022-08-10,111憲裁880
342331,2022-08-10,111憲裁845
342303,2022-08-10,111憲裁878
342276,2022-08-10,111憲裁849
342277,2022-08-10,111憲裁848
342279,2022-08-10,111憲裁847
342289,2022-08-09,111憲裁840
342281,2022-08-09,111憲裁846
342282,2022-08-09,111憲裁808
342284,2022-08-09,111憲裁843
342290,2022-08-09,111憲裁841
342293,2022-08-09,111憲裁801
342280,2022-08-09,111憲裁842
342283,2022-08-09,111憲裁809
342287,2022-08-09,111憲裁839
342211,2022-08-09,111憲裁804
342292,2022-08-09,111憲裁800
342215,2022-08-09,111憲裁806
342228,2022-08-09,111憲裁805
342230,2022-08-09,111憲裁807
342246,2022-08-09,111憲裁791
342247,2022-08-09,111憲裁827
342248,2022-08-09,111憲裁828
342249,2022-08-09,111憲裁829
342250,2022-08-09,111憲裁831
342251,2022-08-09,111憲裁832
342252,2022-08-09,111憲裁833
342253,2022-08-09,111憲裁834
342254,2022-08-09,111憲裁835
342255,2022-08-09,111憲裁836
342256,2022-08-09,111憲裁837
342257,2022-08-09,111憲裁838
342258,2022-08-09,111憲裁802
342259,2022-08-09,111憲裁830
342260,2022-08-09,111憲裁803
342261,2022-08-09,111憲裁821
342262,2022-08-09,111憲裁824
342263,2022-08-09,111憲裁825
342264,2022-08-09,111憲裁826
342278,2022-08-08,111憲裁748
342285,2022-08-08,111憲裁815
342286,2022-08-08,111憲裁747
342288,2022-08-08,111憲裁746
342208,2022-08-08,111憲裁788
342209,2022-08-08,111憲裁790
342210,2022-08-08,111憲裁789
342291,2022-08-08,111憲裁745
342214,2022-08-08,111憲裁794
342216,2022-08-08,111憲裁793
342217,2022-08-08,111憲裁796
342218,2022-08-08,111憲裁798
342219,2022-08-08,111憲裁797
342223,2022-08-08,111憲裁795
342269,2022-08-08,111憲裁749
342206,2022-08-08,111憲裁753
342207,2022-08-08,111憲裁754
342202,2022-08-08,111憲裁750
342204,2022-08-08,111憲裁751
342205,2022-08-08,111憲裁752
342203,2022-08-08,111憲裁792
342195,2022-08-08,111憲裁813
342196,2022-08-08,111憲裁814
342197,2022-08-08,111憲裁816
342198,2022-08-08,111憲裁817
342199,2022-08-08,111憲裁818
342200,2022-08-08,111憲裁819
342201,2022-08-08,111憲裁820
342192,2022-08-08,111憲裁810
342212,2022-08-08,111憲裁722
342213,2022-08-08,111憲裁721
342193,2022-08-08,111憲裁811
342194,2022-08-08,111憲裁812
342235,2022-08-08,111憲裁724
342245,2022-08-08,111憲裁725
342265,2022-08-08,111憲裁744
343169,2022-08-05,111憲裁708
342178,2022-08-05,111憲裁787
342082,2022-08-05,111憲裁709
342158,2022-08-05,111憲裁763
342188,2022-08-05,111憲裁779
342187,2022-08-05,111憲裁778
342172,2022-08-05,111憲裁769
342173,2022-08-05,111憲裁770
342174,2022-08-05,111憲裁771
342175,2022-08-05,111憲裁772
342186,2022-08-05,111憲裁777
342160,2022-08-05,111憲裁765
342150,2022-08-05,111憲裁782
342176,2022-08-05,111憲裁775
342155,2022-08-05,111憲裁760
342157,2022-08-05,111憲裁762
342153,2022-08-05,111憲裁758
342159,2022-08-05,111憲裁764
342156,2022-08-05,111憲裁761
342154,2022-08-05,111憲裁759
342152,2022-08-05,111憲裁755
342146,2022-08-05,111憲裁785
342147,2022-08-05,111憲裁780
342084,2022-08-05,111憲裁706
342080,2022-08-05,111憲裁707
342085,2022-08-05,111憲裁705
342081,2022-08-05,111憲裁710
342177,2022-08-05,111憲裁733
342145,2022-08-05,111憲裁799
342133,2022-08-05,111憲裁786
342135,2022-08-05,111憲裁729
342130,2022-08-05,111憲裁756
342129,2022-08-05,111憲裁757
342126,2022-08-05,111憲裁732
342124,2022-08-05,111憲裁734
342121,2022-08-05,111憲裁731
342102,2022-08-05,111憲裁736
342162,2022-08-05,111憲裁714
342355,2022-08-05,111憲裁735
342168,2022-08-05,111憲裁719
342170,2022-08-05,111憲裁720
342165,2022-08-05,111憲裁715
342166,2022-08-05,111憲裁716
342163,2022-08-05,111憲裁718
342185,2022-08-05,111憲裁776
342184,2022-08-05,111憲裁774
342182,2022-08-05,111憲裁773
342171,2022-08-05,111憲裁766
342169,2022-08-05,111憲裁767
342151,2022-08-05,111憲裁784
342148,2022-08-05,111憲裁783
342149,2022-08-05,111憲裁781
342134,2022-08-05,111憲裁728
342136,2022-08-05,111憲裁726
342131,2022-08-05,111憲裁730
342132,2022-08-05,111憲裁727
342108,2022-08-05,111憲裁743
342109,2022-08-05,111憲裁742
342097,2022-08-05,111憲裁738
342093,2022-08-05,111憲裁737
342094,2022-08-05,111憲裁739
342095,2022-08-05,111憲裁740
342096,2022-08-05,111憲裁741
342087,2022-08-04,111憲裁698
342086,2022-08-04,111憲裁697
342077,2022-08-04,111憲裁664
342063,2022-08-04,111憲裁659
342061,2022-08-04,111憲裁657
342062,2022-08-04,111憲裁658
342111,2022-08-04,111憲裁704
342113,2022-08-04,111憲裁703
342115,2022-08-04,111憲裁701
342117,2022-08-04,111憲裁700
342110,2022-08-04,111憲裁713
342112,2022-08-04,111憲裁711
342114,2022-08-04,111憲裁702
342106,2022-08-04,111憲裁712
342107,2022-08-04,111憲裁696
342104,2022-08-04,111憲裁694
342105,2022-08-04,111憲裁693
342103,2022-08-04,111憲裁695
342088,2022-08-04,111憲裁699
342078,2022-08-04,111憲裁663
342075,2022-08-04,111憲裁661
342076,2022-08-04,111憲裁662
342064,2022-08-04,111憲裁660
342065,2022-08-04,111憲裁671
342066,2022-08-04,111憲裁672
342067,2022-08-04,111憲裁675
342068,2022-08-04,111憲裁681
342069,2022-08-04,111憲裁682
342070,2022-08-04,111憲裁684
342071,2022-08-04,111憲裁685
342059,2022-08-04,111憲裁692
341981,2022-08-03,111憲裁687
342052,2022-08-03,111憲裁666
342053,2022-08-03,111憲裁667
342055,2022-08-03,111憲裁669
342048,2022-08-03,111憲裁665
342054,2022-08-03,111憲裁668
342022,2022-08-03,111憲裁690
342020,2022-08-03,111憲裁683
342018,2022-08-03,111憲裁680
342016,2022-08-03,111憲裁679
342010,2022-08-03,111憲裁677
342011,2022-08-03,111憲裁678
342008,2022-08-03,111憲裁676
341992,2022-08-03,111憲裁688
341988,2022-08-03,111憲裁691
341985,2022-08-03,111憲裁689
341986,2022-08-03,111憲裁686
341979,2022-08-03,111憲裁674
342028,2022-08-03,111憲裁673
342034,2022-08-03,111憲裁670
341970,2022-08-02,111憲裁654
341998,2022-08-02,111憲裁644
341999,2022-08-02,111憲裁645
342000,2022-08-02,111憲裁646
342001,2022-08-02,111憲裁647
342002,2022-08-02,111憲裁648
342003,2022-08-02,111憲裁649
342004,2022-08-02,111憲裁650
342005,2022-08-02,111憲裁651
342006,2022-08-02,111憲裁652
342007,2022-08-02,111憲裁656
341991,2022-08-02,111憲裁655
341973,2022-08-02,111憲裁653
341959,2022-08-02,111憲裁625
342041,2022-08-01,111憲裁627
342042,2022-08-01,111憲裁628
342043,2022-08-01,111憲裁629
342044,2022-08-01,111憲裁630
342045,2022-08-01,111憲裁631
342046,2022-08-01,111憲裁632
342047,2022-08-01,111憲裁633
342049,2022-08-01,111憲裁634
342050,2022-08-01,111憲裁635
342051,2022-08-01,111憲裁636
342026,2022-08-01,111憲裁626
341906,2022-08-01,111憲裁600
341948,2022-08-01,111憲裁613
341963,2022-08-01,111憲裁605
341903,2022-08-01,111憲裁597
341900,2022-08-01,111憲裁592
342029,2022-08-01,111憲裁603
342030,2022-08-01,111憲裁604
342031,2022-08-01,111憲裁623
342032,2022-08-01,111憲裁624
342033,2022-08-01,111憲裁606
342035,2022-08-01,111憲裁608
342036,2022-08-01,111憲裁610
342037,2022-08-01,111憲裁642
342038,2022-08-01,111憲裁611
342039,2022-08-01,111憲裁622
342040,2022-08-01,111憲裁641
341953,2022-08-01,111憲裁637
341955,2022-08-01,111憲裁638
341956,2022-08-01,111憲裁639
341957,2022-08-01,111憲裁640
341904,2022-08-01,111憲裁598
341905,2022-08-01,111憲裁599
341901,2022-08-01,111憲裁593
341902,2022-08-01,111憲裁594
341907,2022-08-01,111憲裁601
341908,2022-08-01,111憲裁602
341944,2022-08-01,111憲裁609
341945,2022-08-01,111憲裁607
341946,2022-08-01,111憲裁612
341947,2022-08-01,111憲裁621
341896,2022-08-01,111憲裁643
341898,2022-08-01,111憲裁590
341949,2022-08-01,111憲裁614
341950,2022-08-01,111憲裁615
341899,2022-08-01,111憲裁591
341951,2022-08-01,111憲裁616
341954,2022-08-01,111憲裁617
341958,2022-08-01,111憲裁618
341960,2022-08-01,111憲裁619
341962,2022-08-01,111憲裁620
341982,2022-07-29,111憲裁550
341868,2022-07-29,111憲裁567
341850,2022-07-29,111憲裁596
341809,2022-07-29,111憲裁595
341977,2022-07-29,111憲裁589
341867,2022-07-29,111憲裁568
341993,2022-07-28,111憲裁587
341987,2022-07-28,111憲裁585
341980,2022-07-28,111憲裁584
341978,2022-07-28,111憲裁583
341895,2022-07-28,111憲裁586
341891,2022-07-28,111憲裁536
341798,2022-07-28,111憲裁514
341799,2022-07-28,111憲裁513
341801,2022-07-28,111憲裁519
341800,2022-07-28,111憲裁512
341789,2022-07-28,111憲裁521
341797,2022-07-28,111憲裁515
341790,2022-07-28,111憲裁518
341791,2022-07-28,111憲裁517
341793,2022-07-28,111憲裁520
341796,2022-07-28,111憲裁516
341994,2022-07-28,111憲裁588
341995,2022-07-28,111憲裁562
341996,2022-07-28,111憲裁563
341879,2022-07-28,111憲裁572
341880,2022-07-28,111憲裁573
341881,2022-07-28,111憲裁574
341882,2022-07-28,111憲裁530
341883,2022-07-28,111憲裁532
341884,2022-07-28,111憲裁537
341885,2022-07-28,111憲裁531
341886,2022-07-28,111憲裁538
341887,2022-07-28,111憲裁533
341888,2022-07-28,111憲裁534
341821,2022-07-28,111憲裁576
341889,2022-07-28,111憲裁541
341824,2022-07-28,111憲裁577
341890,2022-07-28,111憲裁535
341825,2022-07-28,111憲裁578
341892,2022-07-28,111憲裁539
341893,2022-07-28,111憲裁542
341827,2022-07-28,111憲裁579
341828,2022-07-28,111憲裁580
341894,2022-07-28,111憲裁540
341829,2022-07-28,111憲裁581
341836,2022-07-28,111憲裁582
341877,2022-07-28,111憲裁571
341878,2022-07-28,111憲裁575
341862,2022-07-28,111憲裁569
341812,2022-07-28,111憲裁564
341813,2022-07-28,111憲裁565
341814,2022-07-28,111憲裁566
341820,2022-07-28,111憲裁558
341822,2022-07-28,111憲裁559
341823,2022-07-28,111憲裁557
341830,2022-07-28,111憲裁560
341803,2022-07-28,111憲裁570
341837,2022-07-27,111憲裁554
341770,2022-07-27,111憲裁552
341771,2022-07-27,111憲裁553
341774,2022-07-27,111憲裁561
341767,2022-07-27,111憲裁555
341769,2022-07-27,111憲裁551
341785,2022-07-27,111憲裁556
341863,2022-07-26,111憲裁543
341761,2022-07-26,111憲裁544
341780,2022-07-26,111憲裁549
341781,2022-07-26,111憲裁548
341782,2022-07-26,111憲裁547
341783,2022-07-26,111憲裁545
341784,2022-07-26,111憲裁546
341735,2022-07-25,111憲裁511
341709,2022-07-25,111憲裁500
341702,2022-07-25,111憲裁476
341706,2022-07-25,111憲裁480
341756,2022-07-25,111憲裁528
341757,2022-07-25,111憲裁527
341758,2022-07-25,111憲裁529
341759,2022-07-25,111憲裁526
341794,2022-07-25,111憲裁523
341795,2022-07-25,111憲裁525
341792,2022-07-25,111憲裁524
341763,2022-07-25,111憲裁491
341764,2022-07-25,111憲裁490
341720,2022-07-25,111憲裁508
341714,2022-07-25,111憲裁506
341719,2022-07-25,111憲裁507
341710,2022-07-25,111憲裁505
341736,2022-07-25,111憲裁509
341690,2022-07-25,111憲裁501
341707,2022-07-25,111憲裁522
341691,2022-07-25,111憲裁502
341692,2022-07-25,111憲裁503
341693,2022-07-25,111憲裁504
341731,2022-07-25,111憲裁510
341729,2022-07-22,111憲裁488
341730,2022-07-22,111憲裁489
341680,2022-07-22,111憲裁494
341681,2022-07-22,111憲裁495
341682,2022-07-22,111憲裁497
341683,2022-07-22,111憲裁498
341684,2022-07-22,111憲裁499
341676,2022-07-22,111憲裁492
341685,2022-07-22,111憲裁496
341677,2022-07-22,111憲裁493
341727,2022-07-21,111憲裁485
341701,2022-07-21,111憲裁481
341703,2022-07-21,111憲裁482
341704,2022-07-21,111憲裁483
341705,2022-07-21,111憲裁484
341695,2022-07-21,111憲裁477
341659,2022-07-21,111憲裁462
341660,2022-07-21,111憲裁470
341661,2022-07-21,111憲裁438
341662,2022-07-21,111憲裁439
341765,2022-07-21,111憲裁468
341728,2022-07-21,111憲裁486
341748,2022-07-21,111憲裁469
341750,2022-07-21,111憲裁466
341751,2022-07-21,111憲裁467
341739,2022-07-21,111憲裁464
341658,2022-07-21,111憲裁461
341721,2022-07-21,111憲裁463
341722,2022-07-21,111憲裁487
341699,2022-07-21,111憲裁478
341700,2022-07-21,111憲裁479
341665,2022-07-21,111憲裁471
341666,2022-07-21,111憲裁473
341667,2022-07-21,111憲裁474
341668,2022-07-21,111憲裁472
341669,2022-07-21,111憲裁475
341743,2022-07-20,111憲裁450
341737,2022-07-20,111憲裁452
341740,2022-07-20,111憲裁451
341742,2022-07-20,111憲裁456
341654,2022-07-20,111憲裁436
341744,2022-07-20,111憲裁457
341746,2022-07-20,111憲裁458
341747,2022-07-20,111憲裁453
341753,2022-07-20,111憲裁455
341749,2022-07-20,111憲裁454
341674,2022-07-20,111憲裁459
341675,2022-07-20,111憲裁460
341651,2022-07-20,111憲裁447
341652,2022-07-20,111憲裁448
341653,2022-07-20,111憲裁449
341644,2022-07-19,111憲裁446
341645,2022-07-19,111憲裁445
341646,2022-07-19,111憲裁444
341618,2022-07-18,111憲裁441
341718,2022-07-18,111憲裁437
341605,2022-07-18,111憲裁427
341606,2022-07-18,111憲裁433
341642,2022-07-18,111憲裁443
341643,2022-07-18,111憲裁442
341636,2022-07-18,111憲裁435
341617,2022-07-18,111憲裁440
341604,2022-07-18,111憲裁434
341716,2022-07-15,111憲裁431
341641,2022-07-15,111憲裁417
341582,2022-07-15,111憲裁428
341583,2022-07-15,111憲裁429
341715,2022-07-15,111憲裁432
341717,2022-07-15,111憲裁430
341639,2022-07-15,111憲裁426
341640,2022-07-15,111憲裁425
341711,2022-07-14,111憲裁424
341712,2022-07-14,111憲裁415
341587,2022-07-14,111憲裁416
341584,2022-07-14,111憲裁414
341594,2022-07-14,111憲裁400
341595,2022-07-14,111憲裁402
341596,2022-07-14,111憲裁403
341576,2022-07-14,111憲裁421
341698,2022-07-14,111憲裁419
341578,2022-07-14,111憲裁423
341577,2022-07-14,111憲裁422
341588,2022-07-14,111憲裁418
341567,2022-07-14,111憲裁420
341602,2022-07-14,111憲裁401
341593,2022-07-14,111憲裁399
341558,2022-07-13,111憲裁413
341554,2022-07-12,111憲裁405
341550,2022-07-12,111憲裁406
341551,2022-07-12,111憲裁410
341552,2022-07-12,111憲裁411
341535,2022-07-11,111憲裁409
341609,2022-07-11,111憲裁408
341610,2022-07-11,111憲裁407
341615,2022-07-11,111憲裁404
341592,2022-07-11,111憲裁396
341536,2022-07-11,111憲裁412
341538,2022-07-08,111憲裁397
341534,2022-07-08,111憲裁398
341597,2022-07-07,111憲裁392
341591,2022-07-07,111憲裁391
341539,2022-07-07,111憲裁394
341540,2022-07-07,111憲裁393
341541,2022-07-07,111憲裁395
341514,2022-07-07,111憲裁388
341500,2022-07-05,111憲裁389
341501,2022-07-05,111憲裁390
341502,2022-07-05,111憲裁386
341503,2022-07-05,111憲裁385
341505,2022-07-05,111憲裁387
341522,2022-07-04,111憲裁378
341523,2022-07-04,111憲裁379
341499,2022-07-04,111憲裁384
341518,2022-07-04,111憲裁383
341519,2022-07-04,111憲裁381
341520,2022-07-04,111憲裁382
341521,2022-07-04,111憲裁377
341525,2022-07-04,111憲裁380
341494,2022-07-04,111憲裁376
341496,2022-07-04,111憲裁375
341473,2022-07-01,111憲裁374
341524,2022-06-30,111憲裁373
341469,2022-06-30,111憲裁372
341449,2022-06-30,111憲裁355
341478,2022-06-30,111憲裁371
341448,2022-06-30,111憲裁354
341517,2022-06-29,111憲裁369
341460,2022-06-29,111憲裁362
341450,2022-06-29,111憲裁349
341452,2022-06-29,111憲裁350
341516,2022-06-29,111憲裁368
341515,2022-06-29,111憲裁367
341447,2022-06-29,111憲裁365
341457,2022-06-29,111憲裁370
341459,2022-06-29,111憲裁363
341451,2022-06-29,111憲裁351
341441,2022-06-29,111憲裁366
341442,2022-06-29,111憲裁364
341453,2022-06-29,111憲裁352
341454,2022-06-29,111憲裁353
341455,2022-06-29,111憲裁360
341456,2022-06-29,111憲裁361
341526,2022-06-28,111憲裁358
341437,2022-06-28,111憲裁357
341436,2022-06-28,111憲裁356
341482,2022-06-28,111憲裁359
341422,2022-06-24,111憲裁347
341410,2022-06-24,111憲裁348
341471,2022-06-24,111憲裁327
341430,2022-06-24,111憲裁339
341433,2022-06-24,111憲裁340
341406,2022-06-24,111憲裁346
341373,2022-06-24,111憲裁341
341374,2022-06-24,111憲裁342
341375,2022-06-24,111憲裁343
341376,2022-06-24,111憲裁344
341377,2022-06-24,111憲裁345
341481,2022-06-23,111憲裁332
341477,2022-06-23,111憲裁331
341485,2022-06-23,111憲裁333
341487,2022-06-23,111憲裁334
341488,2022-06-23,111憲裁335
341363,2022-06-23,111憲裁337
341361,2022-06-23,111憲裁338
341352,2022-06-23,111憲裁330
341356,2022-06-23,111憲裁336
341345,2022-06-22,111憲裁328
341346,2022-06-22,111憲裁329
341371,2022-06-21,111憲裁313
341398,2022-06-20,111憲裁321
341300,2022-06-20,111憲裁320
341309,2022-06-20,111憲裁323
341294,2022-06-20,111憲裁324
341295,2022-06-20,111憲裁325
341296,2022-06-20,111憲裁322
341297,2022-06-20,111憲裁326
341402,2022-06-17,111憲裁306
341401,2022-06-17,111憲裁315
341399,2022-06-17,111憲裁318
341292,2022-06-17,111憲裁316
341293,2022-06-17,111憲裁317
341282,2022-06-17,111憲裁314
341290,2022-06-17,111憲裁319
341265,2022-06-16,111憲裁307
341365,2022-06-16,111憲裁302
341366,2022-06-16,111憲裁302
341266,2022-06-16,111憲裁308
341267,2022-06-16,111憲裁309
341268,2022-06-16,111憲裁310
341269,2022-06-16,111憲裁311
341272,2022-06-16,111憲裁312
341262,2022-06-15,111憲裁305
341286,2022-06-14,111憲裁303
341243,2022-06-14,111憲裁304
341217,2022-06-13,111憲裁298
341219,2022-06-13,111憲裁299
341220,2022-06-13,111憲裁300
341231,2022-06-13,111憲裁297
341221,2022-06-13,111憲裁301
341254,2022-06-10,111憲裁295
341177,2022-06-10,111憲裁296
341178,2022-06-10,111憲裁294
341174,2022-06-10,111憲裁289
341175,2022-06-10,111憲裁293
341226,2022-06-09,111憲裁291
341194,2022-06-09,111憲裁292
341257,2022-06-09,111憲裁287
341258,2022-06-09,111統裁6
341244,2022-06-09,111憲裁288
341227,2022-06-09,111憲裁272
341193,2022-06-09,111憲裁290
341173,2022-06-09,111憲裁286
341165,2022-06-07,111憲裁283
341150,2022-06-07,111憲裁280
341142,2022-06-07,111憲裁281
341141,2022-06-07,111憲裁282
341132,2022-06-07,111憲裁275
341126,2022-06-07,111憲裁273
341127,2022-06-07,111憲裁269
341131,2022-06-07,111憲裁271
341156,2022-06-07,111憲裁285
341163,2022-06-07,111憲裁267
341166,2022-06-07,111憲裁278
341168,2022-06-07,111憲裁279
341144,2022-06-07,111憲裁284
341182,2022-06-06,111憲裁270
341180,2022-06-06,111憲裁268
341121,2022-06-06,111憲裁277
341128,2022-06-06,111憲裁274
341130,2022-06-06,111憲裁276
341138,2022-06-06,111憲裁265
341148,2022-06-06,111憲裁264
341139,2022-06-06,111憲裁266
341109,2022-06-01,111憲裁263
341113,2022-05-30,111憲裁259
341112,2022-05-30,111憲裁258
341105,2022-05-30,111憲裁261
341103,2022-05-30,111憲裁260
341091,2022-05-30,111憲裁256
341090,2022-05-30,111憲裁257
341086,2022-05-30,111憲裁262
341100,2022-05-27,111憲裁252
341081,2022-05-27,111憲裁254
341080,2022-05-27,111憲裁255
341075,2022-05-27,111憲裁251
341099,2022-05-26,111憲裁253
341047,2022-05-24,111憲裁249
341046,2022-05-24,111憲裁250
341045,2022-05-24,111憲裁248
341052,2022-05-24,111憲裁246
341048,2022-05-23,111憲裁247
341029,2022-05-23,111憲裁243
341028,2022-05-23,111憲裁245
341026,2022-05-23,111憲裁244
341041,2022-05-20,111憲裁240
341039,2022-05-20,111憲裁241
341020,2022-05-20,111憲裁239
341021,2022-05-20,111憲裁242
340573,2022-05-20,111憲裁238
341032,2022-05-19,111憲裁233
341031,2022-05-19,111憲裁235
341030,2022-05-19,111憲裁237
341006,2022-05-19,111憲裁236
341004,2022-05-19,111憲裁221
341002,2022-05-19,111憲裁213
341003,2022-05-19,111憲裁225
341019,2022-05-19,111憲裁234
340991,2022-05-17,111憲裁220
340990,2022-05-17,111憲裁219
340975,2022-05-17,111憲裁230
340974,2022-05-17,111憲裁231
340976,2022-05-17,111憲裁232
340973,2022-05-17,111憲裁229
340987,2022-05-17,111憲裁224
340979,2022-05-17,111憲裁228
340977,2022-05-17,111憲裁227
340999,2022-05-16,111憲裁223
340958,2022-05-16,111憲裁226
340956,2022-05-16,111憲裁222
340917,2022-05-13,111憲裁218
340905,2022-05-13,111憲裁215
340904,2022-05-13,111憲裁216
340959,2022-05-13,111憲裁212
340951,2022-05-13,111憲裁207
340939,2022-05-13,111憲裁214
340938,2022-05-13,111憲裁211
340924,2022-05-13,111憲裁217
340994,2022-05-12,111憲裁210
340871,2022-05-12,111憲裁205
340870,2022-05-12,111憲裁204
340872,2022-05-11,111憲裁208
340873,2022-05-11,111憲裁206
340861,2022-05-11,111憲裁209
340860,2022-05-10,111憲裁203
340859,2022-05-10,111憲裁202
340864,2022-05-09,111憲裁201
340863,2022-05-09,111憲裁200
340825,2022-05-09,111憲裁199
340849,2022-05-06,111憲裁197
340830,2022-05-06,111憲裁195
340817,2022-05-06,111憲裁196
340815,2022-05-06,111憲裁198
340812,2022-05-05,111憲裁191
340799,2022-05-04,111憲裁192
340793,2022-05-03,111憲裁194
340792,2022-05-03,111憲裁193
340791,2022-05-02,111憲裁188
340790,2022-05-02,111憲裁190
340783,2022-05-02,111憲裁189
340751,2022-04-29,111憲裁187
340789,2022-04-29,111憲裁185
340788,2022-04-29,111憲裁186
340780,2022-04-28,111統裁5
340779,2022-04-28,111憲裁183
340752,2022-04-28,111憲裁184
340738,2022-04-27,111憲裁182
340774,2022-04-27,111憲裁180
340773,2022-04-27,111憲裁179
340740,2022-04-27,111憲裁181
340719,2022-04-26,111憲裁177
340718,2022-04-26,111憲裁178
340715,2022-04-26,111憲裁176
340710,2022-04-25,111憲裁174
340708,2022-04-25,111憲裁175
340706,2022-04-25,111憲裁173
340685,2022-04-25,111憲裁172
340734,2022-04-20,111憲裁171
340665,2022-04-20,111憲裁165
340653,2022-04-18,111憲裁167
340652,2022-04-18,111憲裁166
340646,2022-04-18,111憲裁168
340647,2022-04-18,111憲裁169
340644,2022-04-18,111憲裁164
340642,2022-04-18,111憲裁170
340640,2022-04-18,111憲裁163
340635,2022-04-15,111憲裁162
340617,2022-04-14,111憲裁161
340634,2022-04-14,111憲裁149
340632,2022-04-14,111憲裁157
340609,2022-04-13,111憲裁160
340607,2022-04-13,111憲裁159
340605,2022-04-13,111憲裁158
340604,2022-04-13,111憲裁156
340593,2022-04-12,111憲裁152
340656,2022-04-11,111憲裁154
340592,2022-04-11,111憲裁155
340591,2022-04-11,111憲裁147
340590,2022-04-11,111憲裁148
340585,2022-04-11,111憲裁153
340584,2022-04-11,111憲裁150
340581,2022-04-11,111憲裁151
340586,2022-04-11,111統裁4
340589,2022-04-08,111憲裁143
340588,2022-04-08,111憲裁145
340587,2022-04-08,111憲裁142
340567,2022-04-08,111憲裁146
340564,2022-04-07,111憲裁144
340601,2022-04-07,111憲裁134
340599,2022-04-07,111憲裁133
340554,2022-04-06,111憲裁135
340547,2022-04-06,111憲裁141
340545,2022-04-06,111憲裁139
340544,2022-04-06,111憲裁140
340539,2022-04-06,111黨裁1
340538,2022-04-06,111憲裁136
340537,2022-04-06,111憲裁137
340536,2022-04-06,111憲裁138
340563,2022-04-01,111憲裁130
340534,2022-04-01,111憲裁131
340503,2022-04-01,111憲裁132
340497,2022-03-31,111憲裁129
340496,2022-03-31,111憲裁128
340495,2022-03-30,111憲裁127
340493,2022-03-30,111憲裁121
340475,2022-03-29,111憲裁126
340488,2022-03-29,111憲裁123
340492,2022-03-28,111憲裁122
340462,2022-03-25,111憲裁115
340461,2022-03-25,111憲裁117
340460,2022-03-25,111憲裁116
340459,2022-03-25,111憲裁108
340456,2022-03-25,111憲裁119
340427,2022-03-25,111憲裁120
340474,2022-03-25,111憲裁125
340448,2022-03-24,111憲裁114
340445,2022-03-24,111憲裁113
340442,2022-03-24,111憲裁112
340438,2022-03-24,111憲裁111
340435,2022-03-24,111憲裁109
340431,2022-03-24,111憲裁110
340398,2022-03-24,111憲裁101
340404,2022-03-23,111憲裁107
340401,2022-03-23,111憲裁106
340378,2022-03-22,111憲裁102
340390,2022-03-21,111憲裁104
340377,2022-03-21,111憲裁105
340376,2022-03-21,111憲裁100
340368,2022-03-21,111憲裁103
340371,2022-03-18,111憲裁98
340366,2022-03-18,111憲裁99
340343,2022-03-17,111憲裁97
340335,2022-03-17,111憲裁96
340336,2022-03-15,111憲裁85
340332,2022-03-15,111憲裁87
340331,2022-03-15,111憲裁86
340327,2022-03-15,111憲裁94
340326,2022-03-15,111憲裁93
340325,2022-03-15,111憲裁92
340324,2022-03-15,111憲裁91
340323,2022-03-15,111憲裁90
340322,2022-03-15,111憲裁88
340299,2022-03-15,111憲裁81
340308,2022-03-14,111憲裁84
340307,2022-03-14,111憲裁82
340306,2022-03-14,111憲裁83
340302,2022-03-14,111憲裁95
340301,2022-03-14,111憲裁89
340289,2022-03-11,111憲裁78
340285,2022-03-11,111憲裁79
340284,2022-03-11,111憲裁80
340251,2022-03-10,111憲裁77
340249,2022-03-10,111憲裁76
340244,2022-03-10,111憲裁71
340240,2022-03-09,111憲裁75
340246,2022-03-08,111憲裁74
340237,2022-03-07,111憲裁73
340231,2022-03-07,111憲裁72
340229,2022-03-07,111憲裁70
340235,2022-03-04,111憲裁68
340233,2022-03-04,111憲裁69
340211,2022-03-03,111憲裁65
340210,2022-03-03,111憲裁64
340208,2022-03-03,111憲裁67
340206,2022-03-03,111統裁3
340202,2022-03-02,111憲裁61
340201,2022-03-02,111憲裁63
340200,2022-03-02,111憲裁66
340199,2022-03-02,111憲裁62
340175,2022-03-01,111憲裁60
340173,2022-03-01,111憲裁59
340160,2022-02-25,111憲裁54
340171,2022-02-25,111憲裁58
340168,2022-02-25,111憲裁53
340121,2022-02-25,111憲裁56
340120,2022-02-25,111憲裁55
340100,2022-02-24,111憲裁52
340076,2022-02-23,111憲裁51
340036,2022-02-17,111憲裁41
340017,2022-02-14,111憲裁50
340015,2022-02-14,111憲裁38
340013,2022-02-14,111憲裁49
339999,2022-02-14,111憲裁48
340239,2022-02-11,111憲裁42
340011,2022-02-11,111憲裁43
340008,2022-02-11,111憲裁45
339979,2022-02-11,111憲裁44
339976,2022-02-11,111憲裁47
339958,2022-02-11,111憲裁46
340006,2022-02-10,111憲裁39
340001,2022-02-10,111憲裁40
339943,2022-02-10,111憲裁14
339949,2022-02-09,111憲裁36
339938,2022-02-09,111統裁2
339937,2022-02-09,111憲裁37
339936,2022-02-09,111憲裁35
339934,2022-02-08,111憲裁32
339933,2022-02-08,111憲裁30
339931,2022-02-08,111憲裁21
339929,2022-02-08,111憲裁23
339922,2022-02-08,111憲裁18
339921,2022-02-08,111憲裁19
339909,2022-02-08,111憲裁31
339908,2022-02-08,111憲裁27
339903,2022-02-08,111憲裁26
339927,2022-02-07,111憲聲暫1
339932,2022-02-07,111憲裁20
339928,2022-02-07,111憲裁22
339926,2022-02-07,111憲裁29
339914,2022-02-07,111憲裁25
339911,2022-02-07,111憲裁33
339910,2022-02-07,111憲裁34
339905,2022-02-07,111憲裁24
339902,2022-02-07,111統裁1
339900,2022-02-07,111憲裁16
339898,2022-02-07,111憲裁15
339930,2022-02-07,111憲裁17
339881,2022-01-28,111憲裁7
339846,2022-01-28,111憲裁13
339882,2022-01-28,111憲裁12
339832,2022-01-27,111憲裁5
339819,2022-01-27,111憲裁4
339804,2022-01-27,111憲裁11
339802,2022-01-27,111憲裁10
339798,2022-01-27,111憲裁3
339795,2022-01-27,111憲裁9
339794,2022-01-27,111憲裁6
339786,2022-01-27,111憲裁2
339777,2022-01-27,111憲裁8
339793,2022-01-26,111憲裁1
342382,2019-08-11,111憲裁905
343869,1900-01-01,111審裁179
