id,日期,字號
355741,2025-05-21,114憲立1
355723,2025-05-20,114審裁510
355716,2025-05-20,114審裁498
355714,2025-05-20,114審裁497
355713,2025-05-20,114審裁496
355696,2025-05-19,114審裁509
355695,2025-05-19,114審裁508
355691,2025-05-19,114審裁507
355692,2025-05-19,114審裁506
355694,2025-05-19,114審裁505
355693,2025-05-19,114審裁504
355732,2025-05-19,114審裁503
355731,2025-05-19,114審裁502
355734,2025-05-19,114審裁501
355733,2025-05-19,114審裁500
355730,2025-05-19,114審裁499
355712,2025-05-19,114審裁495
355711,2025-05-19,114審裁494
355709,2025-05-19,114審裁492
355708,2025-05-19,114審裁491
355707,2025-05-19,114審裁490
355680,2025-05-16,114審裁489
355679,2025-05-16,114審裁487
355675,2025-05-15,114審裁488
355678,2025-05-15,114審裁485
355673,2025-05-15,114審裁484
355674,2025-05-15,114審裁483
355671,2025-05-14,114審裁486
355667,2025-05-14,114審裁482
355605,2025-05-14,114憲裁69
355666,2025-05-13,114審裁481
355665,2025-05-13,114審裁480
355664,2025-05-13,114審裁479
355663,2025-05-13,114審裁478
355656,2025-05-13,114審裁476
355662,2025-05-13,114審裁475
355658,2025-05-13,114審裁474
355654,2025-05-13,114審裁473
355659,2025-05-13,114審裁472
355661,2025-05-13,114審裁471
355655,2025-05-13,114審裁470
355657,2025-05-13,114審裁469
355660,2025-05-13,114審裁468
355648,2025-05-12,114審裁477
355646,2025-05-12,114審裁467
355647,2025-05-12,114統裁8
355633,2025-05-09,114審裁466
355643,2025-05-09,114審裁465
355640,2025-05-09,114審裁464
355641,2025-05-09,114審裁463
355642,2025-05-09,114審裁462
355625,2025-05-07,114審裁461
355624,2025-05-07,114審裁460
355628,2025-05-07,114審裁459
355623,2025-05-07,114審裁458
355627,2025-05-07,114審裁457
355626,2025-05-07,114審裁456
355614,2025-05-07,114審裁455
355613,2025-05-07,114審裁454
355612,2025-05-07,114審裁453
355303,2025-03-27,114審裁304
355211,2025-03-26,114審裁303
353158,2025-03-26,114憲裁68
352660,2025-03-26,114憲裁67
351962,2025-03-26,114憲裁66
351937,2025-03-26,114憲裁65
354175,2025-03-26,114憲裁64
354181,2025-03-26,114憲裁63
354200,2025-03-26,114憲裁62
353157,2025-03-26,114憲裁61
352381,2025-03-26,114憲裁60
350885,2025-03-26,114憲裁59
350608,2025-03-26,114憲裁58
350595,2025-03-26,114憲裁57
350581,2025-03-26,114憲裁56
349009,2025-03-26,114憲裁55
347196,2025-03-26,114憲裁54
346208,2025-03-26,114憲裁53
349848,2025-03-26,114憲裁52
344317,2025-03-26,114憲裁51
344260,2025-03-26,114憲裁50
344076,2025-03-26,114憲裁49
342426,2025-03-26,114憲裁48
341664,2025-03-26,114憲裁47
341663,2025-03-26,114憲裁46
341085,2025-03-26,114憲裁45
341037,2025-03-26,114憲裁44
340966,2025-03-26,114憲裁43
343330,2025-03-26,114憲裁42
346405,2025-03-26,114憲裁41
342092,2025-03-26,114憲裁40
340794,2025-03-26,114憲裁39
341036,2025-03-26,114憲裁38
340582,2025-03-26,114憲裁37
340541,2025-03-26,114憲裁36
355225,2025-03-26,114憲裁35
355224,2025-03-26,114憲裁34
355223,2025-03-26,114憲裁33
355222,2025-03-26,114憲裁32
355221,2025-03-26,114憲裁31
355220,2025-03-26,114憲裁30
355217,2025-03-26,114憲裁29
309836,2025-03-26,114憲裁28
309841,2025-03-26,114憲裁27
309856,2025-03-26,114憲裁26
355247,2025-03-26,114憲裁25
309866,2025-03-26,114憲裁24
309869,2025-03-26,114憲裁23
309831,2025-03-26,114憲裁22
309952,2025-03-26,114憲裁21
309872,2025-03-26,114憲裁20
309880,2025-03-26,114憲裁19
309881,2025-03-26,114憲裁18
309889,2025-03-26,114憲裁17
309890,2025-03-26,114憲裁16
309894,2025-03-26,114憲裁15
309895,2025-03-26,114憲裁14
309900,2025-03-26,114憲裁13
309876,2025-03-26,114憲裁12
309877,2025-03-26,114憲裁11
309878,2025-03-26,114憲裁10
309943,2025-03-26,114憲裁9
309979,2025-03-26,114憲裁8
309980,2025-03-26,114憲裁7
309991,2025-03-26,114憲裁6
355212,2025-03-26,114統裁6
355209,2025-03-26,114憲裁5
355186,2025-03-24,114審裁302
355185,2025-03-24,114審裁301
355204,2025-03-21,114審裁300
355162,2025-03-20,114審裁299
355161,2025-03-20,114審裁298
355160,2025-03-20,114審裁297
355156,2025-03-20,114審裁296
355155,2025-03-20,114審裁295
355151,2025-03-19,114審裁294
355149,2025-03-19,114審裁293
355145,2025-03-18,114審裁291
355144,2025-03-18,114審裁290
355143,2025-03-18,114審裁289
355142,2025-03-18,114審裁288
355132,2025-03-17,114審裁292
355112,2025-03-14,114審裁287
355098,2025-03-13,114審裁286
355097,2025-03-13,114審裁285
355091,2025-03-13,114審裁284
355090,2025-03-13,114審裁283
355088,2025-03-13,114審裁282
355089,2025-03-13,114審裁281
355106,2025-03-12,114審裁280
355104,2025-03-12,114審裁279
355092,2025-03-12,114審裁278
355087,2025-03-12,114審裁277
355107,2025-03-12,114統裁5
355103,2025-03-12,114憲裁4
355079,2025-03-11,114審裁276
355080,2025-03-11,114審裁274
355081,2025-03-11,114審裁273
355067,2025-03-10,114審裁275
355069,2025-03-10,114審裁272
355070,2025-03-10,114審裁271
355071,2025-03-10,114審裁270
355072,2025-03-10,114審裁269
355048,2025-03-07,114審裁268
355047,2025-03-07,114審裁267
355046,2025-03-07,114審裁266
355053,2025-03-07,114審裁265
355064,2025-03-07,114審裁264
355040,2025-03-06,114審裁263
355023,2025-03-05,114審裁262
355022,2025-03-05,114審裁261
355029,2025-03-05,114審裁260
355028,2025-03-05,114審裁259
355020,2025-03-05,114審裁258
355039,2025-03-05,114審裁257
355038,2025-03-05,114審裁256
355037,2025-03-05,114審裁255
355035,2025-03-05,114審裁254
355036,2025-03-05,114審裁253
355034,2025-03-05,114審裁252
355008,2025-03-03,114審裁251
355007,2025-03-03,114審裁250
354981,2025-03-03,114審裁249
354980,2025-03-03,114審裁248
355006,2025-03-03,114審裁247
354992,2025-03-03,114審裁246
354998,2025-03-03,114審裁245
354997,2025-03-03,114審裁244
354993,2025-03-03,114審裁243
355005,2025-03-03,114審裁242
354991,2025-03-03,114審裁241
354990,2025-03-03,114審裁240
355004,2025-03-03,114審裁239
354989,2025-03-03,114審裁238
354986,2025-03-03,114審裁237
354988,2025-03-03,114審裁236
354987,2025-03-03,114審裁235
354985,2025-03-03,114審裁234
354984,2025-03-03,114審裁233
354978,2025-03-03,114審裁232
355003,2025-03-03,114審裁231
355002,2025-03-03,114審裁230
355018,2025-03-03,114審裁229
355017,2025-03-03,114審裁228
355016,2025-03-03,114審裁227
355015,2025-03-03,114審裁226
355014,2025-03-03,114審裁225
355013,2025-03-03,114審裁224
355012,2025-03-03,114審裁223
355011,2025-03-03,114審裁222
354994,2025-03-03,114統裁4
354968,2025-02-27,114審裁221
354973,2025-02-27,114審裁220
354971,2025-02-27,114審裁219
354969,2025-02-27,114審裁218
354959,2025-02-26,114審裁217
354960,2025-02-26,114審裁216
354915,2025-02-26,114憲裁3
354967,2025-02-26,114憲裁2
354963,2025-02-25,114審裁215
354965,2025-02-25,114審裁214
354964,2025-02-25,114審裁213
354966,2025-02-25,114審裁212
354950,2025-02-24,114審裁211
354949,2025-02-24,114審裁210
354936,2025-02-24,114審裁209
354935,2025-02-24,114審裁208
354933,2025-02-24,114審裁207
354934,2025-02-24,114審裁206
354921,2025-02-24,114審裁205
354930,2025-02-24,114審裁204
354928,2025-02-24,114審裁203
354932,2025-02-24,114審裁202
354931,2025-02-24,114審裁201
354929,2025-02-24,114審裁200
354927,2025-02-24,114審裁199
354926,2025-02-24,114審裁198
354925,2025-02-24,114審裁197
354923,2025-02-24,114審裁196
354945,2025-02-24,114審裁195
354944,2025-02-24,114審裁194
354946,2025-02-24,114審裁193
354947,2025-02-24,114審裁192
354922,2025-02-24,114審裁191
354920,2025-02-24,114審裁190
354919,2025-02-24,114審裁189
354917,2025-02-21,114審裁188
354894,2025-02-19,114審裁187
354892,2025-02-19,114審裁186
354891,2025-02-19,114審裁185
354890,2025-02-19,114審裁184
354914,2025-02-19,114審裁183
354893,2025-02-19,114審裁182
354888,2025-02-19,114審裁181
354887,2025-02-19,114審裁180
354886,2025-02-19,114審裁179
354913,2025-02-19,114審裁178
354911,2025-02-19,114審裁177
354910,2025-02-19,114審裁176
354908,2025-02-19,114審裁175
354912,2025-02-19,114審裁174
354909,2025-02-19,114審裁173
354907,2025-02-19,114審裁172
354867,2025-02-11,114統裁3
354838,2025-02-10,114審裁171
354837,2025-02-10,114審裁170
354836,2025-02-10,114審裁169
354835,2025-02-10,114審裁168
354834,2025-02-10,114審裁167
354833,2025-02-10,114審裁166
354832,2025-02-10,114審裁165
354831,2025-02-10,114審裁164
354830,2025-02-10,114審裁163
354829,2025-02-10,114審裁162
354828,2025-02-10,114審裁161
354827,2025-02-10,114審裁160
354849,2025-02-10,114審裁159
354848,2025-02-10,114審裁158
354847,2025-02-10,114審裁157
354846,2025-02-10,114審裁156
354839,2025-02-10,114審裁155
354826,2025-02-08,114審裁153
354825,2025-02-08,114審裁152
354824,2025-02-08,114審裁151
354823,2025-02-08,114審裁150
354822,2025-02-08,114審裁149
354821,2025-02-08,114審裁148
354820,2025-02-08,114審裁147
354819,2025-02-08,114審裁146
354814,2025-02-07,114審裁154
354806,2025-02-07,114審裁140
354807,2025-02-07,114審裁139
354805,2025-02-07,114審裁138
354804,2025-02-07,114審裁136
354779,2025-02-06,114審裁145
354778,2025-02-06,114審裁144
354811,2025-02-06,114審裁143
354812,2025-02-06,114審裁142
354813,2025-02-06,114審裁141
354768,2025-02-05,114審裁137
354747,2025-02-05,114審裁135
354759,2025-02-05,114審裁126
354758,2025-02-05,114審裁95
354757,2025-02-05,114審裁94
354756,2025-02-05,114審裁93
354760,2025-02-05,114審裁91
354755,2025-02-05,114審裁90
354754,2025-02-05,114審裁88
354729,2025-02-04,114審裁134
354767,2025-02-04,114審裁133
354766,2025-02-04,114審裁132
354765,2025-02-04,114審裁131
354764,2025-02-04,114審裁130
354763,2025-02-04,114審裁129
354762,2025-02-04,114審裁128
354761,2025-02-04,114審裁127
354697,2025-02-04,114審裁121
354696,2025-02-04,114審裁120
354694,2025-02-04,114審裁119
354684,2025-02-04,114審裁118
354679,2025-02-04,114審裁117
354699,2025-02-04,114審裁115
354698,2025-02-04,114審裁109
354695,2025-02-04,114審裁108
354691,2025-02-04,114審裁107
354690,2025-02-04,114審裁106
354689,2025-02-04,114審裁101
354681,2025-02-04,114審裁98
354671,2025-02-03,114審裁125
354670,2025-02-03,114審裁124
354669,2025-02-03,114審裁123
354668,2025-02-03,114審裁122
354667,2025-02-03,114審裁116
354666,2025-02-03,114審裁114
354665,2025-02-03,114審裁113
354656,2025-02-03,114審裁112
354655,2025-02-03,114審裁111
354654,2025-02-03,114審裁110
354644,2025-02-03,114審裁105
354643,2025-02-03,114審裁104
354642,2025-02-03,114審裁103
354641,2025-02-03,114審裁102
354658,2025-02-03,114審裁100
354657,2025-02-03,114審裁99
354653,2025-02-03,114審裁97
354652,2025-02-03,114審裁96
354648,2025-02-03,114審裁92
354640,2025-01-24,114審裁87
354639,2025-01-24,114審裁86
354637,2025-01-24,114審裁85
354646,2025-01-24,114審裁84
354647,2025-01-24,114審裁83
354616,2025-01-22,114憲裁1
354609,2025-01-21,114審裁77
354608,2025-01-21,114審裁76
354619,2025-01-21,114審裁73
354623,2025-01-21,114審裁72
354622,2025-01-21,114審裁71
354621,2025-01-21,114審裁70
354620,2025-01-21,114審裁69
354618,2025-01-21,114審裁68
354612,2025-01-20,114審裁82
354603,2025-01-20,114審裁81
354601,2025-01-20,114審裁80
354599,2025-01-20,114審裁79
354607,2025-01-20,114審裁78
354605,2025-01-20,114審裁75
354606,2025-01-20,114審裁74
354598,2025-01-17,114審裁67
354596,2025-01-16,114審裁66
354595,2025-01-16,114審裁65
354586,2025-01-14,114審裁64
354585,2025-01-14,114審裁63
354584,2025-01-14,114審裁62
354587,2025-01-14,114統裁2
354591,2025-01-13,114審裁61
354594,2025-01-13,114審裁60
354593,2025-01-13,114審裁59
354592,2025-01-13,114審裁58
354597,2025-01-13,114審裁57
354590,2025-01-13,114審裁56
354589,2025-01-13,114審裁55
354588,2025-01-13,114審裁54
354567,2025-01-09,114審裁53
354566,2025-01-09,114審裁52
354565,2025-01-09,114審裁51
354564,2025-01-09,114審裁50
354572,2025-01-09,114審裁49
354562,2025-01-09,114審裁48
354574,2025-01-09,114審裁47
354573,2025-01-09,114審裁46
354546,2025-01-08,114審裁45
354545,2025-01-08,114審裁44
354493,2025-01-08,114審裁43
354509,2025-01-08,114審裁42
354505,2025-01-08,114審裁41
354500,2025-01-08,114審裁40
354544,2025-01-08,114審裁39
354543,2025-01-08,114審裁38
354542,2025-01-08,114審裁37
354563,2025-01-08,114審裁36
354561,2025-01-08,114審裁35
354552,2025-01-08,114審裁34
354513,2025-01-08,114審裁33
354503,2025-01-08,114審裁32
354549,2025-01-08,114審裁21
354547,2025-01-08,114審裁20
354548,2025-01-08,114審裁19
354550,2025-01-08,114審裁18
354515,2025-01-08,114統裁1
354474,2025-01-06,114審裁31
354475,2025-01-06,114審裁30
354482,2025-01-06,114審裁29
354496,2025-01-06,114審裁28
354495,2025-01-06,114審裁27
354490,2025-01-06,114審裁26
354486,2025-01-06,114審裁25
354487,2025-01-06,114審裁24
354488,2025-01-06,114審裁23
354472,2025-01-06,114審裁22
354465,2025-01-03,114審裁17
354458,2025-01-03,114審裁16
354470,2025-01-03,114審裁15
354471,2025-01-03,114審裁14
354464,2025-01-03,114審裁7
354463,2025-01-03,114審裁6
354462,2025-01-03,114審裁5
354446,2025-01-02,114審裁13
354453,2025-01-02,114審裁12
354452,2025-01-02,114審裁11
354448,2025-01-02,114審裁10
354447,2025-01-02,114審裁9
354454,2025-01-02,114審裁8
354469,2025-01-02,114審裁4
354466,2025-01-02,114審裁3
354459,2025-01-02,114審裁2
354467,2025-01-02,114審裁1
354444,2024-12-31,113審裁998
354443,2024-12-31,113審裁997
354434,2024-12-30,113審裁996
354439,2024-12-30,113審裁995
354433,2024-12-30,113審裁994
354432,2024-12-30,113審裁993
354431,2024-12-30,113審裁992
354437,2024-12-30,113審裁991
354436,2024-12-30,113審裁990
354435,2024-12-30,113審裁989
354440,2024-12-30,113統裁21
354438,2024-12-30,113統裁20
354427,2024-12-27,113審裁988
354418,2024-12-27,113審裁987
354414,2024-12-27,113審裁986
354419,2024-12-27,113審裁985
354413,2024-12-27,113審裁984
354426,2024-12-27,113審裁983
354425,2024-12-27,113審裁982
354415,2024-12-27,113統裁19
354410,2024-12-26,113審裁981
354407,2024-12-26,113審裁927
354406,2024-12-26,113審裁926
354408,2024-12-25,113審裁980
354396,2024-12-25,113審裁979
354389,2024-12-24,113審裁978
354390,2024-12-24,113審裁977
354394,2024-12-24,113審裁976
354391,2024-12-24,113審裁975
354393,2024-12-24,113審裁974
354392,2024-12-24,113審裁973
354395,2024-12-24,113統裁18
354380,2024-12-23,113審裁972
354379,2024-12-23,113審裁971
354378,2024-12-23,113審裁970
354387,2024-12-23,113審裁969
354386,2024-12-23,113審裁968
354388,2024-12-23,113審裁967
354381,2024-12-23,113審裁966
354356,2024-12-20,113審裁965
354358,2024-12-20,113審裁964
354359,2024-12-20,113審裁963
354357,2024-12-20,113審裁962
354369,2024-12-20,113審裁961
354347,2024-12-20,113審裁960
354372,2024-12-20,113審裁959
354354,2024-12-20,113審裁958
354355,2024-12-20,113審裁957
354353,2024-12-20,113審裁956
354352,2024-12-20,113審裁955
354370,2024-12-20,113審裁953
354346,2024-12-19,113審裁954
354343,2024-12-18,113審裁952
354323,2024-12-18,113審裁951
354330,2024-12-18,113審裁950
354324,2024-12-18,113審裁949
354326,2024-12-18,113審裁948
354325,2024-12-18,113審裁947
354342,2024-12-17,113審裁946
354311,2024-12-17,113審裁945
354309,2024-12-17,113審裁944
354341,2024-12-17,113審裁943
354314,2024-12-16,113審裁942
354313,2024-12-16,113審裁941
354310,2024-12-16,113審裁940
354308,2024-12-16,113審裁939
354303,2024-12-16,113審裁938
354302,2024-12-16,113審裁937
354301,2024-12-16,113審裁936
354322,2024-12-16,113審裁935
354321,2024-12-16,113審裁934
354320,2024-12-16,113審裁933
354319,2024-12-16,113審裁932
354318,2024-12-16,113審裁931
354317,2024-12-16,113審裁930
354316,2024-12-16,113審裁929
354315,2024-12-16,113審裁928
354304,2024-12-16,113審裁914
354292,2024-12-13,113審裁925
354289,2024-12-13,113審裁924
354287,2024-12-13,113審裁923
354282,2024-12-13,113審裁922
354291,2024-12-13,113審裁921
354286,2024-12-13,113審裁920
354290,2024-12-13,113審裁919
354284,2024-12-13,113審裁918
354288,2024-12-13,113審裁916
354285,2024-12-13,113審裁915
354275,2024-12-11,113審裁913
354274,2024-12-11,113審裁912
354280,2024-12-11,113審裁911
354279,2024-12-11,113審裁910
354273,2024-12-11,113審裁909
354270,2024-12-11,113審裁908
354265,2024-12-10,113審裁907
354264,2024-12-10,113審裁906
354263,2024-12-09,113審裁905
354262,2024-12-09,113審裁904
354249,2024-12-09,113審裁903
354250,2024-12-09,113審裁902
354251,2024-12-09,113審裁901
354248,2024-12-09,113審裁900
354247,2024-12-09,113審裁899
354246,2024-12-09,113審裁898
354234,2024-12-09,113審裁897
354233,2024-12-09,113審裁896
354259,2024-12-06,113審裁895
354228,2024-12-06,113審裁894
354227,2024-12-06,113審裁893
354226,2024-12-06,113審裁892
354225,2024-12-06,113審裁891
354229,2024-12-06,113審裁887
354244,2024-12-05,113審裁890
354245,2024-12-05,113審裁888
354221,2024-12-05,113審裁886
354223,2024-12-05,113審裁885
354222,2024-12-05,113審裁884
354254,2024-12-05,113統裁17
354219,2024-12-04,113審裁883
354218,2024-12-04,113審裁882
354213,2024-12-04,113審裁881
354212,2024-12-04,113審裁880
354210,2024-12-02,113審裁879
354209,2024-12-02,113審裁878
354208,2024-12-02,113審裁877
354207,2024-12-02,113審裁870
354203,2024-11-29,113審裁876
354202,2024-11-29,113審裁875
354201,2024-11-28,113審裁874
354199,2024-11-28,113審裁873
354196,2024-11-28,113審裁872
354192,2024-11-28,113審裁871
354189,2024-11-28,113審裁869
354190,2024-11-28,113審裁868
354191,2024-11-28,113審裁867
354194,2024-11-28,113審裁866
354195,2024-11-28,113審裁865
354184,2024-11-27,113審裁864
354183,2024-11-27,113審裁863
354169,2024-11-19,113審裁861
354148,2024-11-18,113審裁862
354143,2024-11-13,113憲裁43
354009,2024-10-25,113憲裁42
353983,2024-10-24,113審裁860
353982,2024-10-24,113審裁859
353985,2024-10-24,113審裁858
354064,2024-10-24,113審裁857
354063,2024-10-24,113審裁856
353993,2024-10-24,113審裁852
353992,2024-10-24,113審裁851
353991,2024-10-24,113審裁850
354033,2024-10-24,113審裁847
354032,2024-10-24,113審裁846
354030,2024-10-24,113審裁845
354028,2024-10-24,113審裁844
354024,2024-10-24,113審裁843
354023,2024-10-24,113審裁842
354022,2024-10-24,113審裁841
354020,2024-10-24,113審裁840
354034,2024-10-24,113審裁839
354019,2024-10-24,113審裁838
353984,2024-10-24,113審裁821
353959,2024-10-23,113審裁855
353958,2024-10-23,113審裁854
353969,2024-10-23,113審裁853
353960,2024-10-23,113審裁849
353976,2024-10-23,113審裁848
353954,2024-10-23,113審裁837
354062,2024-10-23,113審裁836
353945,2024-10-23,113審裁835
353951,2024-10-23,113審裁834
353948,2024-10-23,113審裁833
353953,2024-10-23,113審裁832
353961,2024-10-23,113審裁831
353936,2024-10-23,113審裁830
353972,2024-10-23,113審裁829
353967,2024-10-23,113審裁828
353964,2024-10-23,113審裁827
353962,2024-10-23,113審裁826
353957,2024-10-23,113審裁825
353956,2024-10-23,113審裁824
353975,2024-10-23,113審裁820
353974,2024-10-23,113審裁798
353952,2024-10-23,113統裁16
353935,2024-10-22,113審裁823
353934,2024-10-22,113審裁822
353947,2024-10-22,113審裁819
353946,2024-10-22,113審裁818
353931,2024-10-22,113審裁805
353930,2024-10-22,113審裁799
353933,2024-10-21,113審裁817
353932,2024-10-21,113審裁816
353922,2024-10-21,113審裁815
353921,2024-10-21,113審裁814
353971,2024-10-21,113審裁813
353973,2024-10-21,113審裁812
353963,2024-10-21,113審裁811
353910,2024-10-21,113審裁810
353966,2024-10-21,113審裁809
353909,2024-10-21,113審裁808
353965,2024-10-21,113審裁807
353908,2024-10-21,113審裁806
353968,2024-10-21,113審裁804
353970,2024-10-21,113審裁803
353923,2024-10-21,113審裁802
353912,2024-10-21,113審裁801
353905,2024-10-21,113審裁800
353915,2024-10-21,113審裁789
353914,2024-10-21,113審裁788
353913,2024-10-21,113審裁787
353874,2024-10-17,113審裁797
353873,2024-10-17,113審裁796
353872,2024-10-17,113審裁795
353904,2024-10-17,113審裁794
353903,2024-10-17,113審裁793
353902,2024-10-17,113審裁792
353901,2024-10-17,113審裁791
353900,2024-10-17,113審裁790
353866,2024-10-17,113審裁786
353860,2024-10-17,113審裁785
353859,2024-10-17,113審裁784
353879,2024-10-17,113審裁783
353878,2024-10-17,113審裁782
353865,2024-10-17,113審裁780
353849,2024-10-16,113審裁781
353850,2024-10-16,113審裁779
353851,2024-10-16,113審裁775
353841,2024-10-15,113審裁778
353838,2024-10-15,113審裁776
353839,2024-10-15,113審裁774
353837,2024-10-15,113審裁773
353836,2024-10-15,113審裁772
353855,2024-10-15,113審裁771
353824,2024-10-15,113審裁766
353823,2024-10-15,113審裁765
353816,2024-10-15,113審裁760
353826,2024-10-15,113審裁759
353821,2024-10-15,113審裁752
353812,2024-10-15,113審裁751
353811,2024-10-15,113審裁750
353810,2024-10-15,113審裁749
353809,2024-10-15,113審裁748
353808,2024-10-15,113審裁747
353815,2024-10-15,113審裁746
353813,2024-10-15,113審裁745
353848,2024-10-15,113審裁744
353847,2024-10-15,113審裁743
353814,2024-10-15,113審裁736
353842,2024-10-15,113統裁15
353790,2024-10-14,113審裁770
353789,2024-10-14,113審裁769
353788,2024-10-14,113審裁768
353907,2024-10-14,113審裁767
353762,2024-10-14,113審裁764
353831,2024-10-14,113審裁763
353830,2024-10-14,113審裁762
353846,2024-10-14,113審裁761
353845,2024-10-14,113審裁758
353844,2024-10-14,113審裁757
353843,2024-10-14,113審裁756
353834,2024-10-14,113審裁755
353829,2024-10-14,113審裁754
353764,2024-10-14,113審裁753
353828,2024-10-14,113審裁742
353827,2024-10-14,113審裁741
353825,2024-10-14,113審裁740
353906,2024-10-14,113審裁735
353763,2024-10-14,113統裁14
353761,2024-10-11,113審裁739
353756,2024-10-11,113審裁738
353757,2024-10-11,113審裁737
353740,2024-10-08,113審裁734
353755,2024-10-08,113審裁726
353754,2024-10-08,113審裁725
353753,2024-10-08,113審裁724
353739,2024-10-08,113統裁13
353726,2024-10-07,113審裁733
353727,2024-10-07,113審裁732
353737,2024-10-07,113審裁731
353738,2024-10-07,113審裁730
353733,2024-10-07,113審裁729
353725,2024-10-07,113審裁728
353724,2024-10-07,113審裁727
353723,2024-10-07,113審裁723
353728,2024-10-07,113審裁722
353721,2024-10-07,113審裁721
353722,2024-10-04,113審裁720
353720,2024-09-30,113審裁719
353713,2024-09-30,113審裁718
353719,2024-09-30,113審裁717
353715,2024-09-30,113審裁716
353714,2024-09-30,113審裁713
353695,2024-09-27,113審裁715
353694,2024-09-27,113審裁714
353699,2024-09-27,113審裁707
353697,2024-09-27,113審裁706
353696,2024-09-27,113審裁705
353705,2024-09-26,113審裁712
353698,2024-09-26,113審裁711
353693,2024-09-26,113審裁710
353692,2024-09-26,113審裁709
353684,2024-09-26,113審裁704
353687,2024-09-26,113審裁703
353686,2024-09-26,113審裁702
353685,2024-09-26,113審裁701
353679,2024-09-25,113審裁708
353683,2024-09-24,113審裁700
353682,2024-09-24,113審裁699
353681,2024-09-24,113審裁698
353680,2024-09-24,113審裁697
353666,2024-09-23,113審裁696
353665,2024-09-23,113審裁695
353662,2024-09-23,113審裁694
353663,2024-09-23,113審裁693
353661,2024-09-23,113審裁692
353670,2024-09-23,113審裁691
353669,2024-09-23,113審裁690
353658,2024-09-20,113審裁689
353610,2024-09-20,113憲裁41
353607,2024-09-20,113憲裁40
353604,2024-09-20,113憲裁39
353616,2024-09-20,113憲裁38
353580,2024-09-20,113憲裁37
353609,2024-09-20,113憲裁36
353602,2024-09-20,113憲裁35
309962,2024-09-20,113憲裁34
353601,2024-09-20,113憲裁33
353622,2024-09-20,113憲裁32
353599,2024-09-20,113憲裁31
353617,2024-09-20,113憲裁30
353592,2024-09-20,113憲裁29
353588,2024-09-20,113憲裁28
353597,2024-09-20,113憲裁27
353600,2024-09-20,113憲裁26
353587,2024-09-19,113審裁688
353586,2024-09-19,113審裁687
353579,2024-09-19,113審裁685
353578,2024-09-19,113審裁684
353689,2024-09-18,113審裁686
353561,2024-09-16,113審裁682
353556,2024-09-13,113審裁683
353532,2024-09-11,113審裁677
353531,2024-09-11,113審裁676
353530,2024-09-11,113審裁675
353516,2024-09-10,113審裁681
353518,2024-09-10,113審裁680
353517,2024-09-10,113審裁679
353515,2024-09-10,113審裁678
353536,2024-09-10,113審裁669
353535,2024-09-10,113審裁668
353534,2024-09-10,113審裁667
353514,2024-09-10,113審裁660
353508,2024-09-10,113審裁658
353506,2024-09-10,113審裁657
353505,2024-09-09,113審裁674
353504,2024-09-09,113審裁673
353502,2024-09-09,113審裁672
353503,2024-09-09,113審裁671
353501,2024-09-09,113審裁670
353523,2024-09-09,113審裁666
353521,2024-09-09,113審裁665
353520,2024-09-09,113審裁664
353522,2024-09-09,113統裁12
353485,2024-09-04,113審裁663
353484,2024-09-04,113審裁662
353483,2024-09-04,113審裁661
353511,2024-09-04,113審裁659
353489,2024-09-04,113審裁656
353488,2024-09-04,113審裁655
353487,2024-09-04,113審裁654
353486,2024-09-04,113審裁653
353473,2024-09-04,113審裁652
353472,2024-09-04,113審裁646
353471,2024-09-04,113審裁645
353482,2024-09-04,113審裁642
353480,2024-09-04,113審裁641
353454,2024-09-03,113審裁650
353455,2024-09-03,113審裁649
353447,2024-09-03,113審裁644
353445,2024-09-03,113審裁643
353453,2024-09-03,113審裁639
353452,2024-09-03,113審裁638
353451,2024-09-03,113審裁637
353448,2024-09-03,113審裁636
353446,2024-09-03,113審裁635
353444,2024-09-03,113審裁634
353442,2024-09-02,113審裁651
353441,2024-09-02,113審裁648
353429,2024-09-02,113審裁647
353430,2024-09-02,113審裁633
353428,2024-09-02,113審裁632
353440,2024-09-02,113審裁631
353439,2024-09-02,113審裁630
353438,2024-09-02,113審裁629
353437,2024-09-02,113審裁628
353436,2024-09-02,113審裁627
353435,2024-09-02,113審裁626
353434,2024-09-02,113審裁625
353433,2024-09-02,113審裁624
353432,2024-09-02,113審裁623
353431,2024-09-02,113審裁622
353425,2024-09-02,113審裁616
353424,2024-09-02,113審裁615
343004,2022-09-02,111憲裁1316
343081,2022-09-02,111憲裁1272
343082,2022-09-02,111憲裁1263
343005,2022-09-02,111憲裁1317
343006,2022-09-02,111憲裁1318
343083,2022-09-02,111憲裁1266
343007,2022-09-02,111憲裁1319
343084,2022-09-02,111憲裁1265
343085,2022-09-02,111憲裁1274
343086,2022-09-02,111憲裁1267
342973,2022-09-02,111憲裁1336
343063,2022-09-02,111憲裁1268
343064,2022-09-02,111憲裁1300
343065,2022-09-02,111憲裁1275
343066,2022-09-02,111憲裁1276
342981,2022-09-02,111憲裁1337
342982,2022-09-02,111憲裁1338
342983,2022-09-02,111憲裁1339
342984,2022-09-02,111憲裁1340
342985,2022-09-02,111憲裁1341
342986,2022-09-02,111憲裁1342
342987,2022-09-02,111憲裁1343
342965,2022-09-02,111憲裁1335
342963,2022-09-02,111憲裁1333
342964,2022-09-02,111憲裁1334
342960,2022-09-02,111憲裁1332
342961,2022-09-02,111憲裁1320
342945,2022-08-31,111憲裁1145
342923,2022-08-31,111憲裁1133
342924,2022-08-31,111憲裁1165
342925,2022-08-31,111憲裁1140
342926,2022-08-31,111憲裁1141
342927,2022-08-31,111憲裁1294
342928,2022-08-31,111憲裁723
342929,2022-08-31,111憲裁1286
342930,2022-08-31,111憲裁1287
342931,2022-08-31,111憲裁1288
342932,2022-08-31,111憲裁1289
342917,2022-08-31,111憲裁1110
342933,2022-08-31,111憲裁1290
342934,2022-08-31,111憲裁1303
342935,2022-08-31,111憲裁1229
342936,2022-08-31,111憲裁1304
342937,2022-08-31,111憲裁1291
342938,2022-08-31,111憲裁1292
342939,2022-08-31,111憲裁1143
342940,2022-08-31,111憲裁1305
342941,2022-08-31,111憲裁1293
342942,2022-08-31,111憲裁1295
342943,2022-08-31,111憲裁1296
342944,2022-08-31,111憲裁1306
342946,2022-08-31,111憲裁1235
342947,2022-08-31,111憲裁1238
342948,2022-08-31,111憲裁1307
342949,2022-08-31,111憲裁1308
342950,2022-08-31,111憲裁1147
342951,2022-08-31,111憲裁1297
342952,2022-08-31,111憲裁1298
342953,2022-08-31,111憲裁1299
342954,2022-08-31,111憲裁1302
342955,2022-08-31,111憲裁1240
342902,2022-08-31,111憲裁1285
342919,2022-08-31,111憲裁1111
342901,2022-08-31,111憲裁1284
342900,2022-08-31,111憲裁1283
342899,2022-08-31,111憲裁1282
342898,2022-08-31,111憲裁1281
342895,2022-08-31,111憲裁1279
342897,2022-08-31,111憲裁1280
342892,2022-08-30,111憲裁1196
342966,2022-08-30,111憲裁1212
342967,2022-08-30,111憲裁1251
342968,2022-08-30,111憲裁1252
342969,2022-08-30,111憲裁1253
342970,2022-08-30,111憲裁1254
342971,2022-08-30,111憲裁1208
342972,2022-08-30,111憲裁1210
342974,2022-08-30,111憲裁1213
342975,2022-08-30,111憲裁1214
342976,2022-08-30,111憲裁1216
342977,2022-08-30,111憲裁1217
342978,2022-08-30,111憲裁1218
342979,2022-08-30,111憲裁1219
342980,2022-08-30,111憲裁1220
342871,2022-08-30,111憲裁1193
342872,2022-08-30,111憲裁1194
342876,2022-08-30,111憲裁1195
342865,2022-08-30,111憲裁1148
342866,2022-08-30,111憲裁1150
342869,2022-08-30,111憲裁1192
342817,2022-08-30,111憲裁1244
342819,2022-08-30,111憲裁1144
342825,2022-08-30,111憲裁1152
342836,2022-08-30,111憲裁1156
342846,2022-08-30,111憲裁1158
342848,2022-08-30,111憲裁1177
342849,2022-08-30,111憲裁1146
342851,2022-08-30,111憲裁1154
342853,2022-08-30,111憲裁1157
342858,2022-08-30,111憲裁1155
342862,2022-08-30,111憲裁1245
342863,2022-08-30,111憲裁1153
342864,2022-08-30,111憲裁1151
342852,2022-08-30,111憲裁1261
342889,2022-08-30,111憲裁1247
342890,2022-08-30,111憲裁1246
342894,2022-08-30,111憲裁1197
342808,2022-08-30,111憲裁1243
342809,2022-08-30,111憲裁1228
342847,2022-08-30,111憲裁1260
342840,2022-08-30,111憲裁1259
342835,2022-08-30,111憲裁1258
342831,2022-08-30,111憲裁1257
342826,2022-08-30,111憲裁1256
342822,2022-08-30,111憲裁1255
342896,2022-08-30,111憲裁1262
342842,2022-08-30,111憲裁1248
342844,2022-08-30,111憲裁1249
342845,2022-08-30,111憲裁1250
342850,2022-08-30,111憲裁1204
342780,2022-08-29,111憲裁1107
342910,2022-08-29,111憲裁1190
342911,2022-08-29,111憲裁1181
342912,2022-08-29,111憲裁1182
342913,2022-08-29,111憲裁1183
342914,2022-08-29,111憲裁1184
342915,2022-08-29,111憲裁1185
342916,2022-08-29,111憲裁1186
342918,2022-08-29,111憲裁1188
342921,2022-08-29,111憲裁1191
342922,2022-08-29,111憲裁1187
342893,2022-08-29,111憲裁1224
342800,2022-08-29,111憲裁1215
342801,2022-08-29,111憲裁1221
342802,2022-08-29,111憲裁1222
342803,2022-08-29,111憲裁1223
342804,2022-08-29,111憲裁1239
342805,2022-08-29,111憲裁1225
342806,2022-08-29,111憲裁1226
342841,2022-08-29,111憲裁1163
342839,2022-08-29,111憲裁1162
342807,2022-08-29,111憲裁1227
342843,2022-08-29,111憲裁1164
342810,2022-08-29,111憲裁1230
342811,2022-08-29,111憲裁1231
342772,2022-08-29,111憲裁1242
342773,2022-08-29,111憲裁1123
342812,2022-08-29,111憲裁1232
342813,2022-08-29,111憲裁1233
342774,2022-08-29,111憲裁1122
342775,2022-08-29,111憲裁1121
342814,2022-08-29,111憲裁1234
342815,2022-08-29,111憲裁1236
342776,2022-08-29,111憲裁1119
342777,2022-08-29,111憲裁1117
342816,2022-08-29,111憲裁1237
342778,2022-08-29,111憲裁1114
342779,2022-08-29,111憲裁1112
342781,2022-08-29,111憲裁1173
342782,2022-08-29,111憲裁1172
342783,2022-08-29,111憲裁1171
342789,2022-08-29,111憲裁1241
342790,2022-08-29,111憲裁1207
342784,2022-08-29,111憲裁1170
342785,2022-08-29,111憲裁1169
342791,2022-08-29,111憲裁1198
342792,2022-08-29,111憲裁1199
342786,2022-08-29,111憲裁1168
342787,2022-08-29,111憲裁1167
342793,2022-08-29,111憲裁1200
342794,2022-08-29,111憲裁1201
342788,2022-08-29,111憲裁1166
342795,2022-08-29,111憲裁1202
342796,2022-08-29,111憲裁1203
342797,2022-08-29,111憲裁1205
342798,2022-08-29,111憲裁1206
342799,2022-08-29,111憲裁1211
342818,2022-08-29,111憲裁1097
342820,2022-08-29,111憲裁1109
342821,2022-08-29,111憲裁1115
342823,2022-08-29,111憲裁1124
342824,2022-08-29,111憲裁1125
342827,2022-08-29,111憲裁1127
342828,2022-08-29,111憲裁1131
342829,2022-08-29,111憲裁1132
342830,2022-08-29,111憲裁1134
342832,2022-08-29,111憲裁1136
342833,2022-08-29,111憲裁1159
342837,2022-08-29,111憲裁1160
342838,2022-08-29,111憲裁1161
342920,2022-08-28,111憲裁1189
343032,2022-08-26,111憲裁1179
342868,2022-08-26,111憲裁1138
342885,2022-08-26,111憲裁1089
342870,2022-08-26,111憲裁1081
342873,2022-08-26,111憲裁1135
342874,2022-08-26,111憲裁1082
342875,2022-08-26,111憲裁1086
342878,2022-08-26,111憲裁1084
342877,2022-08-26,111憲裁1083
342879,2022-08-26,111憲裁1137
342880,2022-08-26,111憲裁1090
342881,2022-08-26,111憲裁1085
342882,2022-08-26,111憲裁1087
342883,2022-08-26,111憲裁1091
342884,2022-08-26,111憲裁1088
342867,2022-08-26,111憲裁1139
342756,2022-08-26,111憲裁1180
342760,2022-08-26,111憲裁1178
342761,2022-08-26,111憲裁1174
342762,2022-08-26,111憲裁1175
342763,2022-08-26,111憲裁1176
342750,2022-08-25,111憲裁1092
342731,2022-08-25,111憲裁1093
342695,2022-08-25,111憲裁1120
342684,2022-08-25,111憲裁1116
342683,2022-08-25,111憲裁1118
342749,2022-08-25,111憲裁1108
342733,2022-08-25,111憲裁1099
342734,2022-08-25,111憲裁1094
342738,2022-08-25,111憲裁1095
342743,2022-08-25,111憲裁1096
342745,2022-08-25,111憲裁1104
342748,2022-08-25,111憲裁1101
342688,2022-08-25,111憲裁1113
342703,2022-08-25,111憲裁1105
342691,2022-08-25,111憲裁1106
342714,2022-08-25,111憲裁1126
342705,2022-08-25,111憲裁1098
342706,2022-08-25,111憲裁1128
342707,2022-08-25,111憲裁1100
342708,2022-08-25,111憲裁1129
342709,2022-08-25,111憲裁1130
342710,2022-08-25,111憲裁1102
342711,2022-08-25,111憲裁1103
342723,2022-08-22,111憲裁1075
342726,2022-08-22,111憲裁1076
342727,2022-08-22,111憲裁1077
342730,2022-08-22,111憲裁1078
342736,2022-08-22,111憲裁1079
342737,2022-08-22,111憲裁1080
342681,2022-08-22,111憲裁1074
342682,2022-08-22,111憲裁1073
342675,2022-08-19,111憲裁990
342676,2022-08-19,111憲裁989
342677,2022-08-19,111憲裁988
342678,2022-08-19,111憲裁1046
342679,2022-08-19,111憲裁1045
342665,2022-08-19,111憲裁1072
342888,2022-08-19,111憲裁1030
342764,2022-08-19,111憲裁1062
342765,2022-08-19,111憲裁1028
342744,2022-08-19,111憲裁994
342766,2022-08-19,111憲裁1029
342767,2022-08-19,111憲裁1063
342768,2022-08-19,111憲裁1064
342770,2022-08-19,111憲裁1031
342771,2022-08-19,111憲裁1032
342729,2022-08-19,111憲裁1002
342732,2022-08-19,111憲裁991
342740,2022-08-19,111憲裁992
342742,2022-08-19,111憲裁993
342721,2022-08-19,111憲裁963
342722,2022-08-19,111憲裁768
342724,2022-08-19,111憲裁1001
342725,2022-08-19,111憲裁861
342717,2022-08-19,111憲裁962
342713,2022-08-19,111憲裁961
342659,2022-08-19,111憲裁1070
342660,2022-08-19,111憲裁1071
342685,2022-08-19,111憲裁995
342686,2022-08-19,111憲裁996
342687,2022-08-19,111憲裁998
342689,2022-08-19,111憲裁999
342690,2022-08-19,111憲裁1000
342692,2022-08-19,111憲裁1003
342693,2022-08-19,111憲裁1004
342694,2022-08-19,111憲裁1026
342696,2022-08-19,111憲裁997
342697,2022-08-19,111憲裁1027
342698,2022-08-19,111憲裁1069
342699,2022-08-19,111憲裁1068
342700,2022-08-19,111憲裁1067
342701,2022-08-19,111憲裁1066
342702,2022-08-19,111憲裁1065
342644,2022-08-18,111憲裁1047
342752,2022-08-18,111憲裁1017
342753,2022-08-18,111憲裁1016
342754,2022-08-18,111憲裁1018
342755,2022-08-18,111憲裁1019
342751,2022-08-18,111憲裁1015
342647,2022-08-18,111憲裁1060
342649,2022-08-18,111憲裁1061
342590,2022-08-18,111憲裁983
342591,2022-08-18,111憲裁981
342592,2022-08-18,111憲裁980
342593,2022-08-18,111憲裁977
342595,2022-08-18,111憲裁1022
342596,2022-08-18,111憲裁1023
342594,2022-08-18,111憲裁978
342599,2022-08-18,111憲裁1020
342600,2022-08-18,111憲裁1021
342597,2022-08-18,111憲裁976
342598,2022-08-18,111憲裁982
342607,2022-08-18,111憲裁1011
342608,2022-08-18,111憲裁1010
342610,2022-08-18,111憲裁1006
342611,2022-08-18,111憲裁1007
342606,2022-08-18,111憲裁1054
342612,2022-08-18,111憲裁1008
342613,2022-08-18,111憲裁1009
342634,2022-08-18,111憲裁1044
342635,2022-08-18,111憲裁1012
342614,2022-08-18,111憲裁1005
342636,2022-08-18,111憲裁1013
342637,2022-08-18,111憲裁1014
342638,2022-08-18,111憲裁1057
342641,2022-08-18,111憲裁1058
342642,2022-08-18,111憲裁1059
342615,2022-08-18,111憲裁1053
342616,2022-08-18,111憲裁1052
342617,2022-08-18,111憲裁1051
342618,2022-08-18,111憲裁1050
342619,2022-08-18,111憲裁1033
342620,2022-08-18,111憲裁1034
342621,2022-08-18,111憲裁1035
342622,2022-08-18,111憲裁1055
342623,2022-08-18,111憲裁1036
342624,2022-08-18,111憲裁1037
342625,2022-08-18,111憲裁1049
342626,2022-08-18,111憲裁1038
342627,2022-08-18,111憲裁1039
342628,2022-08-18,111憲裁1056
342629,2022-08-18,111憲裁1041
342630,2022-08-18,111憲裁1042
342631,2022-08-18,111憲裁1048
342632,2022-08-18,111憲裁1043
342633,2022-08-18,111憲裁1040
342563,2022-08-17,111憲裁1024
342568,2022-08-17,111憲裁1025
342564,2022-08-16,111憲裁975
342566,2022-08-16,111憲裁973
342567,2022-08-16,111憲裁974
342523,2022-08-16,111憲裁985
342524,2022-08-16,111憲裁984
342503,2022-08-15,111憲裁986
342502,2022-08-15,111憲裁987
342499,2022-08-15,111憲裁979
342525,2022-08-15,111憲裁966
342526,2022-08-15,111憲裁967
342527,2022-08-15,111憲裁968
342528,2022-08-15,111憲裁969
342529,2022-08-15,111憲裁970
342530,2022-08-15,111憲裁971
342531,2022-08-15,111憲裁972
342532,2022-08-15,111憲裁957
342533,2022-08-15,111憲裁959
342534,2022-08-15,111憲裁958
342537,2022-08-15,111憲裁960
342540,2022-08-15,111憲裁964
342542,2022-08-15,111憲裁965
342587,2022-08-12,111憲裁927
342586,2022-08-12,111憲裁926
342497,2022-08-12,111憲裁945
342407,2022-08-12,111憲裁954
342588,2022-08-12,111憲裁928
342581,2022-08-12,111憲裁922
342582,2022-08-12,111憲裁921
342583,2022-08-12,111憲裁923
342584,2022-08-12,111憲裁924
342585,2022-08-12,111憲裁925
342536,2022-08-12,111憲裁930
342538,2022-08-12,111憲裁933
342539,2022-08-12,111憲裁931
342541,2022-08-12,111憲裁932
342543,2022-08-12,111憲裁929
342544,2022-08-12,111憲裁956
342546,2022-08-12,111憲裁955
342551,2022-08-12,111憲裁953
342552,2022-08-12,111憲裁951
342554,2022-08-12,111憲裁950
342555,2022-08-12,111憲裁949
342557,2022-08-12,111憲裁948
342558,2022-08-12,111憲裁947
342559,2022-08-12,111憲裁946
342498,2022-08-12,111憲裁944
342477,2022-08-12,111憲裁903
342478,2022-08-12,111憲裁904
342471,2022-08-12,111憲裁934
342473,2022-08-12,111憲裁937
342482,2022-08-12,111憲裁909
342483,2022-08-12,111憲裁916
342474,2022-08-12,111憲裁919
342481,2022-08-12,111憲裁920
342484,2022-08-12,111憲裁917
342485,2022-08-12,111憲裁918
342486,2022-08-12,111憲裁935
342490,2022-08-12,111憲裁936
342491,2022-08-12,111憲裁938
342492,2022-08-12,111憲裁939
342493,2022-08-12,111憲裁940
342494,2022-08-12,111憲裁941
342495,2022-08-12,111憲裁942
342496,2022-08-12,111憲裁943
342459,2022-08-12,111憲裁952
342437,2022-08-11,111憲裁894
342377,2022-08-11,111憲裁913
342383,2022-08-11,111憲裁906
342386,2022-08-11,111憲裁907
342387,2022-08-11,111憲裁908
342312,2022-08-11,111憲裁900
342435,2022-08-11,111憲裁851
342434,2022-08-11,111憲裁850
342381,2022-08-11,111憲裁881
342350,2022-08-11,111憲裁883
342345,2022-08-11,111憲裁911
342314,2022-08-11,111憲裁901
342309,2022-08-11,111憲裁863
342304,2022-08-11,111憲裁844
342565,2022-08-11,111憲裁856
342572,2022-08-11,111憲裁858
342570,2022-08-11,111憲裁857
342560,2022-08-11,111憲裁853
342561,2022-08-11,111憲裁854
342562,2022-08-11,111憲裁855
342515,2022-08-11,111憲裁884
342516,2022-08-11,111憲裁887
342517,2022-08-11,111憲裁886
342518,2022-08-11,111憲裁885
342438,2022-08-11,111憲裁895
342439,2022-08-11,111憲裁896
342440,2022-08-11,111憲裁897
342436,2022-08-11,111憲裁852
342405,2022-08-11,111憲裁889
342406,2022-08-11,111憲裁890
342384,2022-08-11,111憲裁915
342373,2022-08-11,111憲裁888
342376,2022-08-11,111憲裁912
342378,2022-08-11,111憲裁914
342352,2022-08-11,111憲裁877
342353,2022-08-11,111憲裁902
342348,2022-08-11,111憲裁882
342340,2022-08-11,111憲裁910
342310,2022-08-11,111憲裁898
342311,2022-08-11,111憲裁899
342346,2022-08-11,111憲裁870
342347,2022-08-11,111憲裁869
342339,2022-08-11,111憲裁892
342343,2022-08-11,111憲裁893
342344,2022-08-11,111憲裁871
342341,2022-08-11,111憲裁872
342342,2022-08-11,111憲裁823
342317,2022-08-11,111憲裁874
342318,2022-08-11,111憲裁865
342319,2022-08-11,111憲裁866
342321,2022-08-11,111憲裁867
342329,2022-08-11,111憲裁891
342313,2022-08-11,111憲裁864
342306,2022-08-11,111憲裁860
342307,2022-08-11,111憲裁859
342308,2022-08-11,111憲裁862
342305,2022-08-11,111憲裁822
342297,2022-08-10,111憲裁868
342296,2022-08-10,111憲裁873
342272,2022-08-10,111憲裁876
342266,2022-08-10,111憲裁875
342403,2022-08-10,111憲裁879
342404,2022-08-10,111憲裁880
342331,2022-08-10,111憲裁845
342303,2022-08-10,111憲裁878
342276,2022-08-10,111憲裁849
342277,2022-08-10,111憲裁848
342279,2022-08-10,111憲裁847
342289,2022-08-09,111憲裁840
342281,2022-08-09,111憲裁846
342282,2022-08-09,111憲裁808
342284,2022-08-09,111憲裁843
342290,2022-08-09,111憲裁841
342293,2022-08-09,111憲裁801
342280,2022-08-09,111憲裁842
342283,2022-08-09,111憲裁809
342287,2022-08-09,111憲裁839
342211,2022-08-09,111憲裁804
342292,2022-08-09,111憲裁800
342215,2022-08-09,111憲裁806
342228,2022-08-09,111憲裁805
342230,2022-08-09,111憲裁807
342246,2022-08-09,111憲裁791
342247,2022-08-09,111憲裁827
342248,2022-08-09,111憲裁828
342249,2022-08-09,111憲裁829
342250,2022-08-09,111憲裁831
342251,2022-08-09,111憲裁832
342252,2022-08-09,111憲裁833
342253,2022-08-09,111憲裁834
342254,2022-08-09,111憲裁835
342255,2022-08-09,111憲裁836
342256,2022-08-09,111憲裁837
342257,2022-08-09,111憲裁838
342258,2022-08-09,111憲裁802
342259,2022-08-09,111憲裁830
342260,2022-08-09,111憲裁803
342261,2022-08-09,111憲裁821
342262,2022-08-09,111憲裁824
342263,2022-08-09,111憲裁825
342264,2022-08-09,111憲裁826
342278,2022-08-08,111憲裁748
342285,2022-08-08,111憲裁815
342286,2022-08-08,111憲裁747
342288,2022-08-08,111憲裁746
342208,2022-08-08,111憲裁788
342209,2022-08-08,111憲裁790
342210,2022-08-08,111憲裁789
342291,2022-08-08,111憲裁745
342214,2022-08-08,111憲裁794
342216,2022-08-08,111憲裁793
342217,2022-08-08,111憲裁796
342218,2022-08-08,111憲裁798
342219,2022-08-08,111憲裁797
342223,2022-08-08,111憲裁795
342269,2022-08-08,111憲裁749
342206,2022-08-08,111憲裁753
342207,2022-08-08,111憲裁754
342202,2022-08-08,111憲裁750
342204,2022-08-08,111憲裁751
342205,2022-08-08,111憲裁752
342203,2022-08-08,111憲裁792
342195,2022-08-08,111憲裁813
342196,2022-08-08,111憲裁814
342197,2022-08-08,111憲裁816
342198,2022-08-08,111憲裁817
342199,2022-08-08,111憲裁818
342200,2022-08-08,111憲裁819
342201,2022-08-08,111憲裁820
342192,2022-08-08,111憲裁810
342212,2022-08-08,111憲裁722
342213,2022-08-08,111憲裁721
342193,2022-08-08,111憲裁811
342194,2022-08-08,111憲裁812
342235,2022-08-08,111憲裁724
342245,2022-08-08,111憲裁725
342265,2022-08-08,111憲裁744
343169,2022-08-05,111憲裁708
342178,2022-08-05,111憲裁787
342082,2022-08-05,111憲裁709
342158,2022-08-05,111憲裁763
342188,2022-08-05,111憲裁779
342187,2022-08-05,111憲裁778
342172,2022-08-05,111憲裁769
342173,2022-08-05,111憲裁770
342174,2022-08-05,111憲裁771
342175,2022-08-05,111憲裁772
342186,2022-08-05,111憲裁777
342160,2022-08-05,111憲裁765
342150,2022-08-05,111憲裁782
342176,2022-08-05,111憲裁775
342155,2022-08-05,111憲裁760
342157,2022-08-05,111憲裁762
342153,2022-08-05,111憲裁758
342159,2022-08-05,111憲裁764
342156,2022-08-05,111憲裁761
342154,2022-08-05,111憲裁759
342152,2022-08-05,111憲裁755
342146,2022-08-05,111憲裁785
342147,2022-08-05,111憲裁780
342084,2022-08-05,111憲裁706
342080,2022-08-05,111憲裁707
342085,2022-08-05,111憲裁705
342081,2022-08-05,111憲裁710
342177,2022-08-05,111憲裁733
342145,2022-08-05,111憲裁799
342133,2022-08-05,111憲裁786
342135,2022-08-05,111憲裁729
342130,2022-08-05,111憲裁756
342129,2022-08-05,111憲裁757
342126,2022-08-05,111憲裁732
342124,2022-08-05,111憲裁734
342121,2022-08-05,111憲裁731
342102,2022-08-05,111憲裁736
342162,2022-08-05,111憲裁714
342355,2022-08-05,111憲裁735
342168,2022-08-05,111憲裁719
342170,2022-08-05,111憲裁720
342165,2022-08-05,111憲裁715
342166,2022-08-05,111憲裁716
342163,2022-08-05,111憲裁718
342185,2022-08-05,111憲裁776
342184,2022-08-05,111憲裁774
342182,2022-08-05,111憲裁773
342171,2022-08-05,111憲裁766
342169,2022-08-05,111憲裁767
342151,2022-08-05,111憲裁784
342148,2022-08-05,111憲裁783
342149,2022-08-05,111憲裁781
342134,2022-08-05,111憲裁728
342136,2022-08-05,111憲裁726
342131,2022-08-05,111憲裁730
342132,2022-08-05,111憲裁727
342108,2022-08-05,111憲裁743
342109,2022-08-05,111憲裁742
342097,2022-08-05,111憲裁738
342093,2022-08-05,111憲裁737
342094,2022-08-05,111憲裁739
342095,2022-08-05,111憲裁740
342096,2022-08-05,111憲裁741
342087,2022-08-04,111憲裁698
342086,2022-08-04,111憲裁697
342077,2022-08-04,111憲裁664
342063,2022-08-04,111憲裁659
342061,2022-08-04,111憲裁657
342062,2022-08-04,111憲裁658
342111,2022-08-04,111憲裁704
342113,2022-08-04,111憲裁703
342115,2022-08-04,111憲裁701
342117,2022-08-04,111憲裁700
342110,2022-08-04,111憲裁713
342112,2022-08-04,111憲裁711
342114,2022-08-04,111憲裁702
342106,2022-08-04,111憲裁712
342107,2022-08-04,111憲裁696
342104,2022-08-04,111憲裁694
342105,2022-08-04,111憲裁693
342103,2022-08-04,111憲裁695
342088,2022-08-04,111憲裁699
342078,2022-08-04,111憲裁663
342075,2022-08-04,111憲裁661
342076,2022-08-04,111憲裁662
342064,2022-08-04,111憲裁660
342065,2022-08-04,111憲裁671
342066,2022-08-04,111憲裁672
342067,2022-08-04,111憲裁675
342068,2022-08-04,111憲裁681
342069,2022-08-04,111憲裁682
342070,2022-08-04,111憲裁684
342071,2022-08-04,111憲裁685
342059,2022-08-04,111憲裁692
341981,2022-08-03,111憲裁687
342052,2022-08-03,111憲裁666
342053,2022-08-03,111憲裁667
342055,2022-08-03,111憲裁669
342048,2022-08-03,111憲裁665
342054,2022-08-03,111憲裁668
342022,2022-08-03,111憲裁690
342020,2022-08-03,111憲裁683
342018,2022-08-03,111憲裁680
342016,2022-08-03,111憲裁679
342010,2022-08-03,111憲裁677
342011,2022-08-03,111憲裁678
342008,2022-08-03,111憲裁676
341992,2022-08-03,111憲裁688
341988,2022-08-03,111憲裁691
341985,2022-08-03,111憲裁689
341986,2022-08-03,111憲裁686
341979,2022-08-03,111憲裁674
342028,2022-08-03,111憲裁673
342034,2022-08-03,111憲裁670
341970,2022-08-02,111憲裁654
341998,2022-08-02,111憲裁644
341999,2022-08-02,111憲裁645
342000,2022-08-02,111憲裁646
342001,2022-08-02,111憲裁647
342002,2022-08-02,111憲裁648
342003,2022-08-02,111憲裁649
342004,2022-08-02,111憲裁650
342005,2022-08-02,111憲裁651
342006,2022-08-02,111憲裁652
342007,2022-08-02,111憲裁656
341991,2022-08-02,111憲裁655
341973,2022-08-02,111憲裁653
341959,2022-08-02,111憲裁625
342041,2022-08-01,111憲裁627
342042,2022-08-01,111憲裁628
342043,2022-08-01,111憲裁629
342044,2022-08-01,111憲裁630
342045,2022-08-01,111憲裁631
342046,2022-08-01,111憲裁632
342047,2022-08-01,111憲裁633
342049,2022-08-01,111憲裁634
342050,2022-08-01,111憲裁635
342051,2022-08-01,111憲裁636
342026,2022-08-01,111憲裁626
341906,2022-08-01,111憲裁600
341948,2022-08-01,111憲裁613
341963,2022-08-01,111憲裁605
341903,2022-08-01,111憲裁597
341900,2022-08-01,111憲裁592
342029,2022-08-01,111憲裁603
342030,2022-08-01,111憲裁604
342031,2022-08-01,111憲裁623
342032,2022-08-01,111憲裁624
342033,2022-08-01,111憲裁606
342035,2022-08-01,111憲裁608
342036,2022-08-01,111憲裁610
342037,2022-08-01,111憲裁642
342038,2022-08-01,111憲裁611
342039,2022-08-01,111憲裁622
342040,2022-08-01,111憲裁641
341953,2022-08-01,111憲裁637
341955,2022-08-01,111憲裁638
341956,2022-08-01,111憲裁639
341957,2022-08-01,111憲裁640
341904,2022-08-01,111憲裁598
341905,2022-08-01,111憲裁599
341901,2022-08-01,111憲裁593
341902,2022-08-01,111憲裁594
341907,2022-08-01,111憲裁601
341908,2022-08-01,111憲裁602
341944,2022-08-01,111憲裁609
341945,2022-08-01,111憲裁607
341946,2022-08-01,111憲裁612
341947,2022-08-01,111憲裁621
341896,2022-08-01,111憲裁643
341898,2022-08-01,111憲裁590
341949,2022-08-01,111憲裁614
341950,2022-08-01,111憲裁615
341899,2022-08-01,111憲裁591
341951,2022-08-01,111憲裁616
341954,2022-08-01,111憲裁617
341958,2022-08-01,111憲裁618
341960,2022-08-01,111憲裁619
341962,2022-08-01,111憲裁620
341982,2022-07-29,111憲裁550
341868,2022-07-29,111憲裁567
341850,2022-07-29,111憲裁596
341809,2022-07-29,111憲裁595
341977,2022-07-29,111憲裁589
341867,2022-07-29,111憲裁568
341993,2022-07-28,111憲裁587
341987,2022-07-28,111憲裁585
341980,2022-07-28,111憲裁584
341978,2022-07-28,111憲裁583
341895,2022-07-28,111憲裁586
341891,2022-07-28,111憲裁536
341798,2022-07-28,111憲裁514
341799,2022-07-28,111憲裁513
341801,2022-07-28,111憲裁519
341800,2022-07-28,111憲裁512
341789,2022-07-28,111憲裁521
341797,2022-07-28,111憲裁515
341790,2022-07-28,111憲裁518
341791,2022-07-28,111憲裁517
341793,2022-07-28,111憲裁520
341796,2022-07-28,111憲裁516
341994,2022-07-28,111憲裁588
341995,2022-07-28,111憲裁562
341996,2022-07-28,111憲裁563
341879,2022-07-28,111憲裁572
341880,2022-07-28,111憲裁573
341881,2022-07-28,111憲裁574
341882,2022-07-28,111憲裁530
341883,2022-07-28,111憲裁532
341884,2022-07-28,111憲裁537
341885,2022-07-28,111憲裁531
341886,2022-07-28,111憲裁538
341887,2022-07-28,111憲裁533
341888,2022-07-28,111憲裁534
341821,2022-07-28,111憲裁576
341889,2022-07-28,111憲裁541
341824,2022-07-28,111憲裁577
341890,2022-07-28,111憲裁535
341825,2022-07-28,111憲裁578
341892,2022-07-28,111憲裁539
341893,2022-07-28,111憲裁542
341827,2022-07-28,111憲裁579
341828,2022-07-28,111憲裁580
341894,2022-07-28,111憲裁540
341829,2022-07-28,111憲裁581
341836,2022-07-28,111憲裁582
341877,2022-07-28,111憲裁571
341878,2022-07-28,111憲裁575
341862,2022-07-28,111憲裁569
341812,2022-07-28,111憲裁564
341813,2022-07-28,111憲裁565
341814,2022-07-28,111憲裁566
341820,2022-07-28,111憲裁558
341822,2022-07-28,111憲裁559
341823,2022-07-28,111憲裁557
341830,2022-07-28,111憲裁560
341803,2022-07-28,111憲裁570
341837,2022-07-27,111憲裁554
341770,2022-07-27,111憲裁552
341771,2022-07-27,111憲裁553
341774,2022-07-27,111憲裁561
341767,2022-07-27,111憲裁555
341769,2022-07-27,111憲裁551
341785,2022-07-27,111憲裁556
341863,2022-07-26,111憲裁543
341761,2022-07-26,111憲裁544
341780,2022-07-26,111憲裁549
341781,2022-07-26,111憲裁548
341782,2022-07-26,111憲裁547
341783,2022-07-26,111憲裁545
341784,2022-07-26,111憲裁546
341735,2022-07-25,111憲裁511
341709,2022-07-25,111憲裁500
341702,2022-07-25,111憲裁476
341706,2022-07-25,111憲裁480
341756,2022-07-25,111憲裁528
341757,2022-07-25,111憲裁527
341758,2022-07-25,111憲裁529
341759,2022-07-25,111憲裁526
341794,2022-07-25,111憲裁523
341795,2022-07-25,111憲裁525
341792,2022-07-25,111憲裁524
341763,2022-07-25,111憲裁491
341764,2022-07-25,111憲裁490
341720,2022-07-25,111憲裁508
341714,2022-07-25,111憲裁506
341719,2022-07-25,111憲裁507
341710,2022-07-25,111憲裁505
341736,2022-07-25,111憲裁509
341690,2022-07-25,111憲裁501
341707,2022-07-25,111憲裁522
341691,2022-07-25,111憲裁502
341692,2022-07-25,111憲裁503
341693,2022-07-25,111憲裁504
341731,2022-07-25,111憲裁510
341729,2022-07-22,111憲裁488
341730,2022-07-22,111憲裁489
341680,2022-07-22,111憲裁494
341681,2022-07-22,111憲裁495
341682,2022-07-22,111憲裁497
341683,2022-07-22,111憲裁498
341684,2022-07-22,111憲裁499
341676,2022-07-22,111憲裁492
341685,2022-07-22,111憲裁496
341677,2022-07-22,111憲裁493
341727,2022-07-21,111憲裁485
341701,2022-07-21,111憲裁481
341703,2022-07-21,111憲裁482
341704,2022-07-21,111憲裁483
341705,2022-07-21,111憲裁484
341695,2022-07-21,111憲裁477
341659,2022-07-21,111憲裁462
341660,2022-07-21,111憲裁470
341661,2022-07-21,111憲裁438
341662,2022-07-21,111憲裁439
341765,2022-07-21,111憲裁468
341728,2022-07-21,111憲裁486
341748,2022-07-21,111憲裁469
341750,2022-07-21,111憲裁466
341751,2022-07-21,111憲裁467
341739,2022-07-21,111憲裁464
341658,2022-07-21,111憲裁461
341721,2022-07-21,111憲裁463
341722,2022-07-21,111憲裁487
341699,2022-07-21,111憲裁478
341700,2022-07-21,111憲裁479
341665,2022-07-21,111憲裁471
341666,2022-07-21,111憲裁473
341667,2022-07-21,111憲裁474
341668,2022-07-21,111憲裁472
341669,2022-07-21,111憲裁475
341743,2022-07-20,111憲裁450
341737,2022-07-20,111憲裁452
341740,2022-07-20,111憲裁451
341742,2022-07-20,111憲裁456
341654,2022-07-20,111憲裁436
341744,2022-07-20,111憲裁457
341746,2022-07-20,111憲裁458
341747,2022-07-20,111憲裁453
341753,2022-07-20,111憲裁455
341749,2022-07-20,111憲裁454
341674,2022-07-20,111憲裁459
341675,2022-07-20,111憲裁460
341651,2022-07-20,111憲裁447
341652,2022-07-20,111憲裁448
341653,2022-07-20,111憲裁449
341644,2022-07-19,111憲裁446
341645,2022-07-19,111憲裁445
341646,2022-07-19,111憲裁444
341618,2022-07-18,111憲裁441
341718,2022-07-18,111憲裁437
341605,2022-07-18,111憲裁427
341606,2022-07-18,111憲裁433
341642,2022-07-18,111憲裁443
341643,2022-07-18,111憲裁442
341636,2022-07-18,111憲裁435
341617,2022-07-18,111憲裁440
341604,2022-07-18,111憲裁434
341716,2022-07-15,111憲裁431
341641,2022-07-15,111憲裁417
341582,2022-07-15,111憲裁428
341583,2022-07-15,111憲裁429
341715,2022-07-15,111憲裁432
341717,2022-07-15,111憲裁430
341639,2022-07-15,111憲裁426
341640,2022-07-15,111憲裁425
341711,2022-07-14,111憲裁424
341712,2022-07-14,111憲裁415
341587,2022-07-14,111憲裁416
341584,2022-07-14,111憲裁414
341594,2022-07-14,111憲裁400
341595,2022-07-14,111憲裁402
341596,2022-07-14,111憲裁403
341576,2022-07-14,111憲裁421
341698,2022-07-14,111憲裁419
341578,2022-07-14,111憲裁423
341577,2022-07-14,111憲裁422
341588,2022-07-14,111憲裁418
341567,2022-07-14,111憲裁420
341602,2022-07-14,111憲裁401
341593,2022-07-14,111憲裁399
341558,2022-07-13,111憲裁413
341554,2022-07-12,111憲裁405
341550,2022-07-12,111憲裁406
341551,2022-07-12,111憲裁410
341552,2022-07-12,111憲裁411
341535,2022-07-11,111憲裁409
341609,2022-07-11,111憲裁408
341610,2022-07-11,111憲裁407
341615,2022-07-11,111憲裁404
341592,2022-07-11,111憲裁396
341536,2022-07-11,111憲裁412
341538,2022-07-08,111憲裁397
341534,2022-07-08,111憲裁398
341597,2022-07-07,111憲裁392
341591,2022-07-07,111憲裁391
341539,2022-07-07,111憲裁394
341540,2022-07-07,111憲裁393
341541,2022-07-07,111憲裁395
341514,2022-07-07,111憲裁388
341500,2022-07-05,111憲裁389
341501,2022-07-05,111憲裁390
341502,2022-07-05,111憲裁386
341503,2022-07-05,111憲裁385
341505,2022-07-05,111憲裁387
341522,2022-07-04,111憲裁378
341523,2022-07-04,111憲裁379
341499,2022-07-04,111憲裁384
341518,2022-07-04,111憲裁383
341519,2022-07-04,111憲裁381
341520,2022-07-04,111憲裁382
341521,2022-07-04,111憲裁377
341525,2022-07-04,111憲裁380
341494,2022-07-04,111憲裁376
341496,2022-07-04,111憲裁375
341473,2022-07-01,111憲裁374
341524,2022-06-30,111憲裁373
341469,2022-06-30,111憲裁372
341449,2022-06-30,111憲裁355
341478,2022-06-30,111憲裁371
341448,2022-06-30,111憲裁354
341517,2022-06-29,111憲裁369
341460,2022-06-29,111憲裁362
341450,2022-06-29,111憲裁349
341452,2022-06-29,111憲裁350
341516,2022-06-29,111憲裁368
341515,2022-06-29,111憲裁367
341447,2022-06-29,111憲裁365
341457,2022-06-29,111憲裁370
341459,2022-06-29,111憲裁363
341451,2022-06-29,111憲裁351
341441,2022-06-29,111憲裁366
341442,2022-06-29,111憲裁364
341453,2022-06-29,111憲裁352
341454,2022-06-29,111憲裁353
341455,2022-06-29,111憲裁360
341456,2022-06-29,111憲裁361
341526,2022-06-28,111憲裁358
341437,2022-06-28,111憲裁357
341436,2022-06-28,111憲裁356
341482,2022-06-28,111憲裁359
341422,2022-06-24,111憲裁347
341410,2022-06-24,111憲裁348
341471,2022-06-24,111憲裁327
341430,2022-06-24,111憲裁339
341433,2022-06-24,111憲裁340
341406,2022-06-24,111憲裁346
341373,2022-06-24,111憲裁341
341374,2022-06-24,111憲裁342
341375,2022-06-24,111憲裁343
341376,2022-06-24,111憲裁344
341377,2022-06-24,111憲裁345
341481,2022-06-23,111憲裁332
341477,2022-06-23,111憲裁331
341485,2022-06-23,111憲裁333
341487,2022-06-23,111憲裁334
341488,2022-06-23,111憲裁335
341363,2022-06-23,111憲裁337
341361,2022-06-23,111憲裁338
341352,2022-06-23,111憲裁330
341356,2022-06-23,111憲裁336
341345,2022-06-22,111憲裁328
341346,2022-06-22,111憲裁329
341371,2022-06-21,111憲裁313
341398,2022-06-20,111憲裁321
341300,2022-06-20,111憲裁320
341309,2022-06-20,111憲裁323
341294,2022-06-20,111憲裁324
341295,2022-06-20,111憲裁325
341296,2022-06-20,111憲裁322
341297,2022-06-20,111憲裁326
341402,2022-06-17,111憲裁306
341401,2022-06-17,111憲裁315
341399,2022-06-17,111憲裁318
341292,2022-06-17,111憲裁316
341293,2022-06-17,111憲裁317
341282,2022-06-17,111憲裁314
341290,2022-06-17,111憲裁319
341265,2022-06-16,111憲裁307
341365,2022-06-16,111憲裁302
341366,2022-06-16,111憲裁302
341266,2022-06-16,111憲裁308
341267,2022-06-16,111憲裁309
341268,2022-06-16,111憲裁310
341269,2022-06-16,111憲裁311
341272,2022-06-16,111憲裁312
341262,2022-06-15,111憲裁305
341286,2022-06-14,111憲裁303
341243,2022-06-14,111憲裁304
341217,2022-06-13,111憲裁298
341219,2022-06-13,111憲裁299
341220,2022-06-13,111憲裁300
341231,2022-06-13,111憲裁297
341221,2022-06-13,111憲裁301
341254,2022-06-10,111憲裁295
341177,2022-06-10,111憲裁296
341178,2022-06-10,111憲裁294
341174,2022-06-10,111憲裁289
341175,2022-06-10,111憲裁293
341226,2022-06-09,111憲裁291
341194,2022-06-09,111憲裁292
341257,2022-06-09,111憲裁287
341258,2022-06-09,111統裁6
341244,2022-06-09,111憲裁288
341227,2022-06-09,111憲裁272
341193,2022-06-09,111憲裁290
341173,2022-06-09,111憲裁286
341165,2022-06-07,111憲裁283
341150,2022-06-07,111憲裁280
341142,2022-06-07,111憲裁281
341141,2022-06-07,111憲裁282
341132,2022-06-07,111憲裁275
341126,2022-06-07,111憲裁273
341127,2022-06-07,111憲裁269
341131,2022-06-07,111憲裁271
341156,2022-06-07,111憲裁285
341163,2022-06-07,111憲裁267
341166,2022-06-07,111憲裁278
341168,2022-06-07,111憲裁279
341144,2022-06-07,111憲裁284
341182,2022-06-06,111憲裁270
341180,2022-06-06,111憲裁268
341121,2022-06-06,111憲裁277
341128,2022-06-06,111憲裁274
341130,2022-06-06,111憲裁276
341138,2022-06-06,111憲裁265
341148,2022-06-06,111憲裁264
341139,2022-06-06,111憲裁266
341109,2022-06-01,111憲裁263
341113,2022-05-30,111憲裁259
341112,2022-05-30,111憲裁258
341105,2022-05-30,111憲裁261
341103,2022-05-30,111憲裁260
341091,2022-05-30,111憲裁256
341090,2022-05-30,111憲裁257
341086,2022-05-30,111憲裁262
341100,2022-05-27,111憲裁252
341081,2022-05-27,111憲裁254
341080,2022-05-27,111憲裁255
341075,2022-05-27,111憲裁251
341099,2022-05-26,111憲裁253
341047,2022-05-24,111憲裁249
341046,2022-05-24,111憲裁250
341045,2022-05-24,111憲裁248
341052,2022-05-24,111憲裁246
341048,2022-05-23,111憲裁247
341029,2022-05-23,111憲裁243
341028,2022-05-23,111憲裁245
341026,2022-05-23,111憲裁244
341041,2022-05-20,111憲裁240
341039,2022-05-20,111憲裁241
341020,2022-05-20,111憲裁239
341021,2022-05-20,111憲裁242
340573,2022-05-20,111憲裁238
341032,2022-05-19,111憲裁233
341031,2022-05-19,111憲裁235
341030,2022-05-19,111憲裁237
341006,2022-05-19,111憲裁236
341004,2022-05-19,111憲裁221
341002,2022-05-19,111憲裁213
341003,2022-05-19,111憲裁225
341019,2022-05-19,111憲裁234
340991,2022-05-17,111憲裁220
340990,2022-05-17,111憲裁219
340975,2022-05-17,111憲裁230
340974,2022-05-17,111憲裁231
340976,2022-05-17,111憲裁232
340973,2022-05-17,111憲裁229
340987,2022-05-17,111憲裁224
340979,2022-05-17,111憲裁228
340977,2022-05-17,111憲裁227
340999,2022-05-16,111憲裁223
340958,2022-05-16,111憲裁226
340956,2022-05-16,111憲裁222
340917,2022-05-13,111憲裁218
340905,2022-05-13,111憲裁215
340904,2022-05-13,111憲裁216
340959,2022-05-13,111憲裁212
340951,2022-05-13,111憲裁207
340939,2022-05-13,111憲裁214
340938,2022-05-13,111憲裁211
340924,2022-05-13,111憲裁217
340994,2022-05-12,111憲裁210
340871,2022-05-12,111憲裁205
340870,2022-05-12,111憲裁204
340872,2022-05-11,111憲裁208
340873,2022-05-11,111憲裁206
340861,2022-05-11,111憲裁209
340860,2022-05-10,111憲裁203
340859,2022-05-10,111憲裁202
340864,2022-05-09,111憲裁201
340863,2022-05-09,111憲裁200
340825,2022-05-09,111憲裁199
340849,2022-05-06,111憲裁197
340830,2022-05-06,111憲裁195
340817,2022-05-06,111憲裁196
340815,2022-05-06,111憲裁198
340812,2022-05-05,111憲裁191
340799,2022-05-04,111憲裁192
340793,2022-05-03,111憲裁194
340792,2022-05-03,111憲裁193
340791,2022-05-02,111憲裁188
340790,2022-05-02,111憲裁190
340783,2022-05-02,111憲裁189
340751,2022-04-29,111憲裁187
340789,2022-04-29,111憲裁185
340788,2022-04-29,111憲裁186
340780,2022-04-28,111統裁5
340779,2022-04-28,111憲裁183
340752,2022-04-28,111憲裁184
340738,2022-04-27,111憲裁182
340774,2022-04-27,111憲裁180
340773,2022-04-27,111憲裁179
340740,2022-04-27,111憲裁181
340719,2022-04-26,111憲裁177
340718,2022-04-26,111憲裁178
340715,2022-04-26,111憲裁176
340710,2022-04-25,111憲裁174
340708,2022-04-25,111憲裁175
340706,2022-04-25,111憲裁173
340685,2022-04-25,111憲裁172
340734,2022-04-20,111憲裁171
340665,2022-04-20,111憲裁165
340653,2022-04-18,111憲裁167
340652,2022-04-18,111憲裁166
340646,2022-04-18,111憲裁168
340647,2022-04-18,111憲裁169
340644,2022-04-18,111憲裁164
340642,2022-04-18,111憲裁170
340640,2022-04-18,111憲裁163
340635,2022-04-15,111憲裁162
340617,2022-04-14,111憲裁161
340634,2022-04-14,111憲裁149
340632,2022-04-14,111憲裁157
340609,2022-04-13,111憲裁160
340607,2022-04-13,111憲裁159
340605,2022-04-13,111憲裁158
340604,2022-04-13,111憲裁156
340593,2022-04-12,111憲裁152
340656,2022-04-11,111憲裁154
340592,2022-04-11,111憲裁155
340591,2022-04-11,111憲裁147
340590,2022-04-11,111憲裁148
340585,2022-04-11,111憲裁153
340584,2022-04-11,111憲裁150
340581,2022-04-11,111憲裁151
340586,2022-04-11,111統裁4
340589,2022-04-08,111憲裁143
340588,2022-04-08,111憲裁145
340587,2022-04-08,111憲裁142
340567,2022-04-08,111憲裁146
340564,2022-04-07,111憲裁144
340601,2022-04-07,111憲裁134
340599,2022-04-07,111憲裁133
340554,2022-04-06,111憲裁135
340547,2022-04-06,111憲裁141
340545,2022-04-06,111憲裁139
340544,2022-04-06,111憲裁140
340539,2022-04-06,111黨裁1
340538,2022-04-06,111憲裁136
340537,2022-04-06,111憲裁137
340536,2022-04-06,111憲裁138
340563,2022-04-01,111憲裁130
340534,2022-04-01,111憲裁131
340503,2022-04-01,111憲裁132
340497,2022-03-31,111憲裁129
340496,2022-03-31,111憲裁128
340495,2022-03-30,111憲裁127
340493,2022-03-30,111憲裁121
340475,2022-03-29,111憲裁126
340488,2022-03-29,111憲裁123
340492,2022-03-28,111憲裁122
340462,2022-03-25,111憲裁115
340461,2022-03-25,111憲裁117
340460,2022-03-25,111憲裁116
340459,2022-03-25,111憲裁108
340456,2022-03-25,111憲裁119
340427,2022-03-25,111憲裁120
340474,2022-03-25,111憲裁125
340448,2022-03-24,111憲裁114
340445,2022-03-24,111憲裁113
340442,2022-03-24,111憲裁112
340438,2022-03-24,111憲裁111
340435,2022-03-24,111憲裁109
340431,2022-03-24,111憲裁110
340398,2022-03-24,111憲裁101
340404,2022-03-23,111憲裁107
340401,2022-03-23,111憲裁106
340378,2022-03-22,111憲裁102
340390,2022-03-21,111憲裁104
340377,2022-03-21,111憲裁105
340376,2022-03-21,111憲裁100
340368,2022-03-21,111憲裁103
340371,2022-03-18,111憲裁98
340366,2022-03-18,111憲裁99
340343,2022-03-17,111憲裁97
340335,2022-03-17,111憲裁96
340336,2022-03-15,111憲裁85
340332,2022-03-15,111憲裁87
340331,2022-03-15,111憲裁86
340327,2022-03-15,111憲裁94
340326,2022-03-15,111憲裁93
340325,2022-03-15,111憲裁92
340324,2022-03-15,111憲裁91
340323,2022-03-15,111憲裁90
340322,2022-03-15,111憲裁88
340299,2022-03-15,111憲裁81
340308,2022-03-14,111憲裁84
340307,2022-03-14,111憲裁82
340306,2022-03-14,111憲裁83
340302,2022-03-14,111憲裁95
340301,2022-03-14,111憲裁89
340289,2022-03-11,111憲裁78
340285,2022-03-11,111憲裁79
340284,2022-03-11,111憲裁80
340251,2022-03-10,111憲裁77
340249,2022-03-10,111憲裁76
340244,2022-03-10,111憲裁71
340240,2022-03-09,111憲裁75
340246,2022-03-08,111憲裁74
340237,2022-03-07,111憲裁73
340231,2022-03-07,111憲裁72
340229,2022-03-07,111憲裁70
340235,2022-03-04,111憲裁68
340233,2022-03-04,111憲裁69
340211,2022-03-03,111憲裁65
340210,2022-03-03,111憲裁64
340208,2022-03-03,111憲裁67
340206,2022-03-03,111統裁3
340202,2022-03-02,111憲裁61
340201,2022-03-02,111憲裁63
340200,2022-03-02,111憲裁66
340199,2022-03-02,111憲裁62
340175,2022-03-01,111憲裁60
340173,2022-03-01,111憲裁59
340160,2022-02-25,111憲裁54
340171,2022-02-25,111憲裁58
340168,2022-02-25,111憲裁53
340121,2022-02-25,111憲裁56
340120,2022-02-25,111憲裁55
340100,2022-02-24,111憲裁52
340076,2022-02-23,111憲裁51
340036,2022-02-17,111憲裁41
340017,2022-02-14,111憲裁50
340015,2022-02-14,111憲裁38
340013,2022-02-14,111憲裁49
339999,2022-02-14,111憲裁48
340239,2022-02-11,111憲裁42
340011,2022-02-11,111憲裁43
340008,2022-02-11,111憲裁45
339979,2022-02-11,111憲裁44
339976,2022-02-11,111憲裁47
339958,2022-02-11,111憲裁46
340006,2022-02-10,111憲裁39
340001,2022-02-10,111憲裁40
339943,2022-02-10,111憲裁14
339949,2022-02-09,111憲裁36
339938,2022-02-09,111統裁2
339937,2022-02-09,111憲裁37
339936,2022-02-09,111憲裁35
339934,2022-02-08,111憲裁32
339933,2022-02-08,111憲裁30
339931,2022-02-08,111憲裁21
339929,2022-02-08,111憲裁23
339922,2022-02-08,111憲裁18
339921,2022-02-08,111憲裁19
339909,2022-02-08,111憲裁31
339908,2022-02-08,111憲裁27
339903,2022-02-08,111憲裁26
339927,2022-02-07,111憲聲暫1
339932,2022-02-07,111憲裁20
339928,2022-02-07,111憲裁22
339926,2022-02-07,111憲裁29
339914,2022-02-07,111憲裁25
339911,2022-02-07,111憲裁33
339910,2022-02-07,111憲裁34
339905,2022-02-07,111憲裁24
339902,2022-02-07,111統裁1
339900,2022-02-07,111憲裁16
339898,2022-02-07,111憲裁15
339930,2022-02-07,111憲裁17
339881,2022-01-28,111憲裁7
339846,2022-01-28,111憲裁13
339882,2022-01-28,111憲裁12
339832,2022-01-27,111憲裁5
339819,2022-01-27,111憲裁4
339804,2022-01-27,111憲裁11
339802,2022-01-27,111憲裁10
339798,2022-01-27,111憲裁3
339795,2022-01-27,111憲裁9
339794,2022-01-27,111憲裁6
339786,2022-01-27,111憲裁2
339777,2022-01-27,111憲裁8
339793,2022-01-26,111憲裁1
342382,2019-08-11,111憲裁905
343869,1900-01-01,111審裁179
